[    6282ms] Error: Minified React error #418; visit https://react.dev/errors/418?args[]= for the full message or use the non-minified dev environment for full errors and additional helpful warnings.
    at rO (https://static.licdn.com/aero-v1/sc/h/assets/kuu7tUnu.js:1:50371)
    at oV (https://static.licdn.com/aero-v1/sc/h/assets/kuu7tUnu.js:1:99613)
    at sh (https://static.licdn.com/aero-v1/sc/h/assets/kuu7tUnu.js:1:128139)
    at https://static.licdn.com/aero-v1/sc/h/assets/kuu7tUnu.js:1:124314
    at https://static.licdn.com/aero-v1/sc/h/assets/kuu7tUnu.js:1:124322
    at sr (https://static.licdn.com/aero-v1/sc/h/assets/kuu7tUnu.js:1:124419)
    at sV (https://static.licdn.com/aero-v1/sc/h/assets/kuu7tUnu.js:1:145647)
    at MessagePort.T (https://static.licdn.com/aero-v1/sc/h/assets/kuu7tUnu.js:1:14547)
[    6489ms] [ERROR] Unable to retrieve allowlists for profile : voyager-web-feed XMLHttpRequest @ https://static.licdn.com/aero-v1/sc/h/assets/DvDSBUQG.js:0
[    6489ms] [ERROR] Failed to load resource: net::ERR_CONNECTION_REFUSED @ https://platform.linkedin.com/litms/allowlist/voyager-web-feed:0
[    7137ms] [WARNING] VIDEOJS: WARN: Using the tech directly can be dangerous. I hope you know what you're doing.
See https://github.com/videojs/video.js/issues/2617 for more info.
 @ https://static.licdn.com/aero-v1/sc/h/assets/DvXZ1wNh.js:0
[    8294ms] [WARNING] Attribute 'exception.tags' of type 'object' could not be converted to a proto attribute. @ https://static.licdn.com/aero-v1/sc/h/assets/CwzDKlQg.js:2
[    8294ms] [WARNING] Attribute 'exception.tags' of type 'object' could not be converted to a proto attribute. @ https://static.licdn.com/aero-v1/sc/h/assets/CwzDKlQg.js:2
[    8304ms] [WARNING] Attribute 'exception.tags' of type 'object' could not be converted to a proto attribute. @ https://static.licdn.com/aero-v1/sc/h/assets/CwzDKlQg.js:2
[    8305ms] [WARNING] Attribute 'exception.tags' of type 'object' could not be converted to a proto attribute. @ https://static.licdn.com/aero-v1/sc/h/assets/CwzDKlQg.js:2
[    8314ms] [WARNING] Attribute 'exception.tags' of type 'object' could not be converted to a proto attribute. @ https://static.licdn.com/aero-v1/sc/h/assets/CwzDKlQg.js:2
[    8315ms] [WARNING] Attribute 'exception.tags' of type 'object' could not be converted to a proto attribute. @ https://static.licdn.com/aero-v1/sc/h/assets/CwzDKlQg.js:2
[    8325ms] [WARNING] Attribute 'exception.tags' of type 'object' could not be converted to a proto attribute. @ https://static.licdn.com/aero-v1/sc/h/assets/CwzDKlQg.js:2
[    8326ms] [WARNING] Attribute 'exception.tags' of type 'object' could not be converted to a proto attribute. @ https://static.licdn.com/aero-v1/sc/h/assets/CwzDKlQg.js:2
[    8493ms] [ERROR] Failed to load resource: net::ERR_BLOCKED_BY_CLIENT @ https://www.linkedin.com/sensorCollect/?action=reportMetrics:0
[    8497ms] [WARNING] Attribute 'exception.tags' of type 'object' could not be converted to a proto attribute. @ https://static.licdn.com/aero-v1/sc/h/assets/CwzDKlQg.js:2
[    8715ms] TypeError: Cannot destructure property 'rule' of 'varDeclarations.get(...)' as it is undefined.
    at rebuildVarRule (chrome-extension://eimadpbcbfnmbkopoojfekhnkhdbieeh/inject/index.js:5801:24)
    at chrome-extension://eimadpbcbfnmbkopoojfekhnkhdbieeh/inject/index.js:5697:29
    at callback (chrome-extension://eimadpbcbfnmbkopoojfekhnkhdbieeh/inject/index.js:4701:25)
    at chrome-extension://eimadpbcbfnmbkopoojfekhnkhdbieeh/inject/index.js:4879:44
    at Set.forEach (<anonymous>)
    at VariablesStore.setVarFilterType (chrome-extension://eimadpbcbfnmbkopoojfekhnkhdbieeh/inject/index.js:4879:22)
    at pushFilter (chrome-extension://eimadpbcbfnmbkopoojfekhnkhdbieeh/inject/index.js:4674:46)
    at getBgImageValue (chrome-extension://eimadpbcbfnmbkopoojfekhnkhdbieeh/inject/index.js:4303:37)
    at chrome-extension://eimadpbcbfnmbkopoojfekhnkhdbieeh/inject/index.js:4198:46
    at async Promise.all (index 0)
[    8722ms] TypeError: Cannot destructure property 'rule' of 'varDeclarations.get(...)' as it is undefined.
    at rebuildVarRule (chrome-extension://eimadpbcbfnmbkopoojfekhnkhdbieeh/inject/index.js:5801:24)
    at chrome-extension://eimadpbcbfnmbkopoojfekhnkhdbieeh/inject/index.js:5697:29
    at callback (chrome-extension://eimadpbcbfnmbkopoojfekhnkhdbieeh/inject/index.js:4701:25)
    at chrome-extension://eimadpbcbfnmbkopoojfekhnkhdbieeh/inject/index.js:4879:44
    at Set.forEach (<anonymous>)
    at VariablesStore.setVarFilterType (chrome-extension://eimadpbcbfnmbkopoojfekhnkhdbieeh/inject/index.js:4879:22)
    at pushFilter (chrome-extension://eimadpbcbfnmbkopoojfekhnkhdbieeh/inject/index.js:4674:46)
    at getBgImageValue (chrome-extension://eimadpbcbfnmbkopoojfekhnkhdbieeh/inject/index.js:4303:37)
    at chrome-extension://eimadpbcbfnmbkopoojfekhnkhdbieeh/inject/index.js:4198:46
    at async Promise.all (index 0)
[    9386ms] TypeError: Cannot destructure property 'rule' of 'varDeclarations.get(...)' as it is undefined.
    at rebuildVarRule (chrome-extension://eimadpbcbfnmbkopoojfekhnkhdbieeh/inject/index.js:5801:24)
    at chrome-extension://eimadpbcbfnmbkopoojfekhnkhdbieeh/inject/index.js:5697:29
    at callback (chrome-extension://eimadpbcbfnmbkopoojfekhnkhdbieeh/inject/index.js:4701:25)
    at chrome-extension://eimadpbcbfnmbkopoojfekhnkhdbieeh/inject/index.js:4879:44
    at Set.forEach (<anonymous>)
    at VariablesStore.setVarFilterType (chrome-extension://eimadpbcbfnmbkopoojfekhnkhdbieeh/inject/index.js:4879:22)
    at pushFilter (chrome-extension://eimadpbcbfnmbkopoojfekhnkhdbieeh/inject/index.js:4674:46)
    at getBgImageValue (chrome-extension://eimadpbcbfnmbkopoojfekhnkhdbieeh/inject/index.js:4303:37)
    at chrome-extension://eimadpbcbfnmbkopoojfekhnkhdbieeh/inject/index.js:4198:46
    at async Promise.all (index 0)
[    9387ms] TypeError: Cannot destructure property 'rule' of 'varDeclarations.get(...)' as it is undefined.
    at rebuildVarRule (chrome-extension://eimadpbcbfnmbkopoojfekhnkhdbieeh/inject/index.js:5801:24)
    at chrome-extension://eimadpbcbfnmbkopoojfekhnkhdbieeh/inject/index.js:5697:29
    at callback (chrome-extension://eimadpbcbfnmbkopoojfekhnkhdbieeh/inject/index.js:4701:25)
    at chrome-extension://eimadpbcbfnmbkopoojfekhnkhdbieeh/inject/index.js:4879:44
    at Set.forEach (<anonymous>)
    at VariablesStore.setVarFilterType (chrome-extension://eimadpbcbfnmbkopoojfekhnkhdbieeh/inject/index.js:4879:22)
    at pushFilter (chrome-extension://eimadpbcbfnmbkopoojfekhnkhdbieeh/inject/index.js:4674:46)
    at getBgImageValue (chrome-extension://eimadpbcbfnmbkopoojfekhnkhdbieeh/inject/index.js:4303:37)
    at chrome-extension://eimadpbcbfnmbkopoojfekhnkhdbieeh/inject/index.js:4198:46
    at async Promise.all (index 0)
[    9970ms] TypeError: Cannot destructure property 'rule' of 'varDeclarations.get(...)' as it is undefined.
    at rebuildVarRule (chrome-extension://eimadpbcbfnmbkopoojfekhnkhdbieeh/inject/index.js:5801:24)
    at chrome-extension://eimadpbcbfnmbkopoojfekhnkhdbieeh/inject/index.js:5697:29
    at callback (chrome-extension://eimadpbcbfnmbkopoojfekhnkhdbieeh/inject/index.js:4701:25)
    at chrome-extension://eimadpbcbfnmbkopoojfekhnkhdbieeh/inject/index.js:4879:44
    at Set.forEach (<anonymous>)
    at VariablesStore.setVarFilterType (chrome-extension://eimadpbcbfnmbkopoojfekhnkhdbieeh/inject/index.js:4879:22)
    at pushFilter (chrome-extension://eimadpbcbfnmbkopoojfekhnkhdbieeh/inject/index.js:4674:46)
    at getBgImageValue (chrome-extension://eimadpbcbfnmbkopoojfekhnkhdbieeh/inject/index.js:4283:37)
    at chrome-extension://eimadpbcbfnmbkopoojfekhnkhdbieeh/inject/index.js:4198:46
    at async Promise.all (index 0)
[    9977ms] TypeError: Cannot destructure property 'rule' of 'varDeclarations.get(...)' as it is undefined.
    at rebuildVarRule (chrome-extension://eimadpbcbfnmbkopoojfekhnkhdbieeh/inject/index.js:5801:24)
    at chrome-extension://eimadpbcbfnmbkopoojfekhnkhdbieeh/inject/index.js:5697:29
    at callback (chrome-extension://eimadpbcbfnmbkopoojfekhnkhdbieeh/inject/index.js:4701:25)
    at chrome-extension://eimadpbcbfnmbkopoojfekhnkhdbieeh/inject/index.js:4879:44
    at Set.forEach (<anonymous>)
    at VariablesStore.setVarFilterType (chrome-extension://eimadpbcbfnmbkopoojfekhnkhdbieeh/inject/index.js:4879:22)
    at pushFilter (chrome-extension://eimadpbcbfnmbkopoojfekhnkhdbieeh/inject/index.js:4674:46)
    at getBgImageValue (chrome-extension://eimadpbcbfnmbkopoojfekhnkhdbieeh/inject/index.js:4283:37)
    at chrome-extension://eimadpbcbfnmbkopoojfekhnkhdbieeh/inject/index.js:4198:46
    at async Promise.all (index 0)
[    9977ms] TypeError: Cannot destructure property 'rule' of 'varDeclarations.get(...)' as it is undefined.
    at rebuildVarRule (chrome-extension://eimadpbcbfnmbkopoojfekhnkhdbieeh/inject/index.js:5801:24)
    at chrome-extension://eimadpbcbfnmbkopoojfekhnkhdbieeh/inject/index.js:5697:29
    at callback (chrome-extension://eimadpbcbfnmbkopoojfekhnkhdbieeh/inject/index.js:4701:25)
    at chrome-extension://eimadpbcbfnmbkopoojfekhnkhdbieeh/inject/index.js:4879:44
    at Set.forEach (<anonymous>)
    at VariablesStore.setVarFilterType (chrome-extension://eimadpbcbfnmbkopoojfekhnkhdbieeh/inject/index.js:4879:22)
    at pushFilter (chrome-extension://eimadpbcbfnmbkopoojfekhnkhdbieeh/inject/index.js:4674:46)
    at getBgImageValue (chrome-extension://eimadpbcbfnmbkopoojfekhnkhdbieeh/inject/index.js:4303:37)
    at chrome-extension://eimadpbcbfnmbkopoojfekhnkhdbieeh/inject/index.js:4198:46
    at async Promise.all (index 0)
[   10045ms] TypeError: Cannot destructure property 'rule' of 'varDeclarations.get(...)' as it is undefined.
    at rebuildVarRule (chrome-extension://eimadpbcbfnmbkopoojfekhnkhdbieeh/inject/index.js:5801:24)
    at chrome-extension://eimadpbcbfnmbkopoojfekhnkhdbieeh/inject/index.js:5697:29
    at callback (chrome-extension://eimadpbcbfnmbkopoojfekhnkhdbieeh/inject/index.js:4701:25)
    at chrome-extension://eimadpbcbfnmbkopoojfekhnkhdbieeh/inject/index.js:4879:44
    at Set.forEach (<anonymous>)
    at VariablesStore.setVarFilterType (chrome-extension://eimadpbcbfnmbkopoojfekhnkhdbieeh/inject/index.js:4879:22)
    at pushFilter (chrome-extension://eimadpbcbfnmbkopoojfekhnkhdbieeh/inject/index.js:4674:46)
    at getBgImageValue (chrome-extension://eimadpbcbfnmbkopoojfekhnkhdbieeh/inject/index.js:4283:37)
    at chrome-extension://eimadpbcbfnmbkopoojfekhnkhdbieeh/inject/index.js:4198:46
    at async Promise.all (index 0)
[   10045ms] TypeError: Cannot destructure property 'rule' of 'varDeclarations.get(...)' as it is undefined.
    at rebuildVarRule (chrome-extension://eimadpbcbfnmbkopoojfekhnkhdbieeh/inject/index.js:5801:24)
    at chrome-extension://eimadpbcbfnmbkopoojfekhnkhdbieeh/inject/index.js:5697:29
    at callback (chrome-extension://eimadpbcbfnmbkopoojfekhnkhdbieeh/inject/index.js:4701:25)
    at chrome-extension://eimadpbcbfnmbkopoojfekhnkhdbieeh/inject/index.js:4879:44
    at Set.forEach (<anonymous>)
    at VariablesStore.setVarFilterType (chrome-extension://eimadpbcbfnmbkopoojfekhnkhdbieeh/inject/index.js:4879:22)
    at pushFilter (chrome-extension://eimadpbcbfnmbkopoojfekhnkhdbieeh/inject/index.js:4674:46)
    at getBgImageValue (chrome-extension://eimadpbcbfnmbkopoojfekhnkhdbieeh/inject/index.js:4303:37)
    at chrome-extension://eimadpbcbfnmbkopoojfekhnkhdbieeh/inject/index.js:4198:46
    at async Promise.all (index 0)
[   10046ms] TypeError: Cannot destructure property 'rule' of 'varDeclarations.get(...)' as it is undefined.
    at rebuildVarRule (chrome-extension://eimadpbcbfnmbkopoojfekhnkhdbieeh/inject/index.js:5801:24)
    at chrome-extension://eimadpbcbfnmbkopoojfekhnkhdbieeh/inject/index.js:5697:29
    at callback (chrome-extension://eimadpbcbfnmbkopoojfekhnkhdbieeh/inject/index.js:4701:25)
    at chrome-extension://eimadpbcbfnmbkopoojfekhnkhdbieeh/inject/index.js:4879:44
    at Set.forEach (<anonymous>)
    at VariablesStore.setVarFilterType (chrome-extension://eimadpbcbfnmbkopoojfekhnkhdbieeh/inject/index.js:4879:22)
    at pushFilter (chrome-extension://eimadpbcbfnmbkopoojfekhnkhdbieeh/inject/index.js:4674:46)
    at getBgImageValue (chrome-extension://eimadpbcbfnmbkopoojfekhnkhdbieeh/inject/index.js:4283:37)
    at chrome-extension://eimadpbcbfnmbkopoojfekhnkhdbieeh/inject/index.js:4198:46
    at async Promise.all (index 0)
[   10046ms] TypeError: Cannot destructure property 'rule' of 'varDeclarations.get(...)' as it is undefined.
    at rebuildVarRule (chrome-extension://eimadpbcbfnmbkopoojfekhnkhdbieeh/inject/index.js:5801:24)
    at chrome-extension://eimadpbcbfnmbkopoojfekhnkhdbieeh/inject/index.js:5697:29
    at callback (chrome-extension://eimadpbcbfnmbkopoojfekhnkhdbieeh/inject/index.js:4701:25)
    at chrome-extension://eimadpbcbfnmbkopoojfekhnkhdbieeh/inject/index.js:4879:44
    at Set.forEach (<anonymous>)
    at VariablesStore.setVarFilterType (chrome-extension://eimadpbcbfnmbkopoojfekhnkhdbieeh/inject/index.js:4879:22)
    at pushFilter (chrome-extension://eimadpbcbfnmbkopoojfekhnkhdbieeh/inject/index.js:4674:46)
    at getBgImageValue (chrome-extension://eimadpbcbfnmbkopoojfekhnkhdbieeh/inject/index.js:4303:37)
    at chrome-extension://eimadpbcbfnmbkopoojfekhnkhdbieeh/inject/index.js:4198:46
    at async Promise.all (index 0)
[   10376ms] TypeError: Cannot destructure property 'rule' of 'varDeclarations.get(...)' as it is undefined.
    at rebuildVarRule (chrome-extension://eimadpbcbfnmbkopoojfekhnkhdbieeh/inject/index.js:5801:24)
    at chrome-extension://eimadpbcbfnmbkopoojfekhnkhdbieeh/inject/index.js:5697:29
    at callback (chrome-extension://eimadpbcbfnmbkopoojfekhnkhdbieeh/inject/index.js:4701:25)
    at chrome-extension://eimadpbcbfnmbkopoojfekhnkhdbieeh/inject/index.js:4879:44
    at Set.forEach (<anonymous>)
    at VariablesStore.setVarFilterType (chrome-extension://eimadpbcbfnmbkopoojfekhnkhdbieeh/inject/index.js:4879:22)
    at pushFilter (chrome-extension://eimadpbcbfnmbkopoojfekhnkhdbieeh/inject/index.js:4674:46)
    at getBgImageValue (chrome-extension://eimadpbcbfnmbkopoojfekhnkhdbieeh/inject/index.js:4303:37)
    at chrome-extension://eimadpbcbfnmbkopoojfekhnkhdbieeh/inject/index.js:4198:46
    at async Promise.all (index 0)
[   10377ms] TypeError: Cannot destructure property 'rule' of 'varDeclarations.get(...)' as it is undefined.
    at rebuildVarRule (chrome-extension://eimadpbcbfnmbkopoojfekhnkhdbieeh/inject/index.js:5801:24)
    at chrome-extension://eimadpbcbfnmbkopoojfekhnkhdbieeh/inject/index.js:5697:29
    at callback (chrome-extension://eimadpbcbfnmbkopoojfekhnkhdbieeh/inject/index.js:4701:25)
    at chrome-extension://eimadpbcbfnmbkopoojfekhnkhdbieeh/inject/index.js:4879:44
    at Set.forEach (<anonymous>)
    at VariablesStore.setVarFilterType (chrome-extension://eimadpbcbfnmbkopoojfekhnkhdbieeh/inject/index.js:4879:22)
    at pushFilter (chrome-extension://eimadpbcbfnmbkopoojfekhnkhdbieeh/inject/index.js:4674:46)
    at getBgImageValue (chrome-extension://eimadpbcbfnmbkopoojfekhnkhdbieeh/inject/index.js:4303:37)
    at chrome-extension://eimadpbcbfnmbkopoojfekhnkhdbieeh/inject/index.js:4198:46
    at async Promise.all (index 0)
[   10377ms] TypeError: Cannot destructure property 'rule' of 'varDeclarations.get(...)' as it is undefined.
    at rebuildVarRule (chrome-extension://eimadpbcbfnmbkopoojfekhnkhdbieeh/inject/index.js:5801:24)
    at chrome-extension://eimadpbcbfnmbkopoojfekhnkhdbieeh/inject/index.js:5697:29
    at callback (chrome-extension://eimadpbcbfnmbkopoojfekhnkhdbieeh/inject/index.js:4701:25)
    at chrome-extension://eimadpbcbfnmbkopoojfekhnkhdbieeh/inject/index.js:4879:44
    at Set.forEach (<anonymous>)
    at VariablesStore.setVarFilterType (chrome-extension://eimadpbcbfnmbkopoojfekhnkhdbieeh/inject/index.js:4879:22)
    at pushFilter (chrome-extension://eimadpbcbfnmbkopoojfekhnkhdbieeh/inject/index.js:4674:46)
    at getBgImageValue (chrome-extension://eimadpbcbfnmbkopoojfekhnkhdbieeh/inject/index.js:4303:37)
    at chrome-extension://eimadpbcbfnmbkopoojfekhnkhdbieeh/inject/index.js:4198:46
    at async Promise.all (index 0)
[   10377ms] TypeError: Cannot destructure property 'rule' of 'varDeclarations.get(...)' as it is undefined.
    at rebuildVarRule (chrome-extension://eimadpbcbfnmbkopoojfekhnkhdbieeh/inject/index.js:5801:24)
    at chrome-extension://eimadpbcbfnmbkopoojfekhnkhdbieeh/inject/index.js:5697:29
    at callback (chrome-extension://eimadpbcbfnmbkopoojfekhnkhdbieeh/inject/index.js:4701:25)
    at chrome-extension://eimadpbcbfnmbkopoojfekhnkhdbieeh/inject/index.js:4879:44
    at Set.forEach (<anonymous>)
    at VariablesStore.setVarFilterType (chrome-extension://eimadpbcbfnmbkopoojfekhnkhdbieeh/inject/index.js:4879:22)
    at pushFilter (chrome-extension://eimadpbcbfnmbkopoojfekhnkhdbieeh/inject/index.js:4674:46)
    at getBgImageValue (chrome-extension://eimadpbcbfnmbkopoojfekhnkhdbieeh/inject/index.js:4303:37)
    at chrome-extension://eimadpbcbfnmbkopoojfekhnkhdbieeh/inject/index.js:4198:46
    at async Promise.all (index 0)
[   10377ms] TypeError: Cannot destructure property 'rule' of 'varDeclarations.get(...)' as it is undefined.
    at rebuildVarRule (chrome-extension://eimadpbcbfnmbkopoojfekhnkhdbieeh/inject/index.js:5801:24)
    at chrome-extension://eimadpbcbfnmbkopoojfekhnkhdbieeh/inject/index.js:5697:29
    at callback (chrome-extension://eimadpbcbfnmbkopoojfekhnkhdbieeh/inject/index.js:4701:25)
    at chrome-extension://eimadpbcbfnmbkopoojfekhnkhdbieeh/inject/index.js:4879:44
    at Set.forEach (<anonymous>)
    at VariablesStore.setVarFilterType (chrome-extension://eimadpbcbfnmbkopoojfekhnkhdbieeh/inject/index.js:4879:22)
    at pushFilter (chrome-extension://eimadpbcbfnmbkopoojfekhnkhdbieeh/inject/index.js:4674:46)
    at getBgImageValue (chrome-extension://eimadpbcbfnmbkopoojfekhnkhdbieeh/inject/index.js:4303:37)
    at chrome-extension://eimadpbcbfnmbkopoojfekhnkhdbieeh/inject/index.js:4198:46
    at async Promise.all (index 0)
[   10380ms] TypeError: Cannot destructure property 'rule' of 'varDeclarations.get(...)' as it is undefined.
    at rebuildVarRule (chrome-extension://eimadpbcbfnmbkopoojfekhnkhdbieeh/inject/index.js:5801:24)
    at chrome-extension://eimadpbcbfnmbkopoojfekhnkhdbieeh/inject/index.js:5697:29
    at callback (chrome-extension://eimadpbcbfnmbkopoojfekhnkhdbieeh/inject/index.js:4701:25)
    at chrome-extension://eimadpbcbfnmbkopoojfekhnkhdbieeh/inject/index.js:4879:44
    at Set.forEach (<anonymous>)
    at VariablesStore.setVarFilterType (chrome-extension://eimadpbcbfnmbkopoojfekhnkhdbieeh/inject/index.js:4879:22)
    at pushFilter (chrome-extension://eimadpbcbfnmbkopoojfekhnkhdbieeh/inject/index.js:4674:46)
    at getBgImageValue (chrome-extension://eimadpbcbfnmbkopoojfekhnkhdbieeh/inject/index.js:4303:37)
    at chrome-extension://eimadpbcbfnmbkopoojfekhnkhdbieeh/inject/index.js:4198:46
    at async Promise.all (index 0)
[   10381ms] TypeError: Cannot destructure property 'rule' of 'varDeclarations.get(...)' as it is undefined.
    at rebuildVarRule (chrome-extension://eimadpbcbfnmbkopoojfekhnkhdbieeh/inject/index.js:5801:24)
    at chrome-extension://eimadpbcbfnmbkopoojfekhnkhdbieeh/inject/index.js:5697:29
    at callback (chrome-extension://eimadpbcbfnmbkopoojfekhnkhdbieeh/inject/index.js:4701:25)
    at chrome-extension://eimadpbcbfnmbkopoojfekhnkhdbieeh/inject/index.js:4879:44
    at Set.forEach (<anonymous>)
    at VariablesStore.setVarFilterType (chrome-extension://eimadpbcbfnmbkopoojfekhnkhdbieeh/inject/index.js:4879:22)
    at pushFilter (chrome-extension://eimadpbcbfnmbkopoojfekhnkhdbieeh/inject/index.js:4674:46)
    at getBgImageValue (chrome-extension://eimadpbcbfnmbkopoojfekhnkhdbieeh/inject/index.js:4303:37)
    at chrome-extension://eimadpbcbfnmbkopoojfekhnkhdbieeh/inject/index.js:4198:46
    at async Promise.all (index 0)
[   10381ms] TypeError: Cannot destructure property 'rule' of 'varDeclarations.get(...)' as it is undefined.
    at rebuildVarRule (chrome-extension://eimadpbcbfnmbkopoojfekhnkhdbieeh/inject/index.js:5801:24)
    at chrome-extension://eimadpbcbfnmbkopoojfekhnkhdbieeh/inject/index.js:5697:29
    at callback (chrome-extension://eimadpbcbfnmbkopoojfekhnkhdbieeh/inject/index.js:4701:25)
    at chrome-extension://eimadpbcbfnmbkopoojfekhnkhdbieeh/inject/index.js:4879:44
    at Set.forEach (<anonymous>)
    at VariablesStore.setVarFilterType (chrome-extension://eimadpbcbfnmbkopoojfekhnkhdbieeh/inject/index.js:4879:22)
    at pushFilter (chrome-extension://eimadpbcbfnmbkopoojfekhnkhdbieeh/inject/index.js:4674:46)
    at getBgImageValue (chrome-extension://eimadpbcbfnmbkopoojfekhnkhdbieeh/inject/index.js:4303:37)
    at chrome-extension://eimadpbcbfnmbkopoojfekhnkhdbieeh/inject/index.js:4198:46
    at async Promise.all (index 0)
[   10381ms] TypeError: Cannot destructure property 'rule' of 'varDeclarations.get(...)' as it is undefined.
    at rebuildVarRule (chrome-extension://eimadpbcbfnmbkopoojfekhnkhdbieeh/inject/index.js:5801:24)
    at chrome-extension://eimadpbcbfnmbkopoojfekhnkhdbieeh/inject/index.js:5697:29
    at callback (chrome-extension://eimadpbcbfnmbkopoojfekhnkhdbieeh/inject/index.js:4701:25)
    at chrome-extension://eimadpbcbfnmbkopoojfekhnkhdbieeh/inject/index.js:4879:44
    at Set.forEach (<anonymous>)
    at VariablesStore.setVarFilterType (chrome-extension://eimadpbcbfnmbkopoojfekhnkhdbieeh/inject/index.js:4879:22)
    at pushFilter (chrome-extension://eimadpbcbfnmbkopoojfekhnkhdbieeh/inject/index.js:4674:46)
    at getBgImageValue (chrome-extension://eimadpbcbfnmbkopoojfekhnkhdbieeh/inject/index.js:4303:37)
    at chrome-extension://eimadpbcbfnmbkopoojfekhnkhdbieeh/inject/index.js:4198:46
    at async Promise.all (index 0)
[   10708ms] TypeError: Cannot destructure property 'rule' of 'varDeclarations.get(...)' as it is undefined.
    at rebuildVarRule (chrome-extension://eimadpbcbfnmbkopoojfekhnkhdbieeh/inject/index.js:5801:24)
    at chrome-extension://eimadpbcbfnmbkopoojfekhnkhdbieeh/inject/index.js:5697:29
    at callback (chrome-extension://eimadpbcbfnmbkopoojfekhnkhdbieeh/inject/index.js:4701:25)
    at chrome-extension://eimadpbcbfnmbkopoojfekhnkhdbieeh/inject/index.js:4879:44
    at Set.forEach (<anonymous>)
    at VariablesStore.setVarFilterType (chrome-extension://eimadpbcbfnmbkopoojfekhnkhdbieeh/inject/index.js:4879:22)
    at pushFilter (chrome-extension://eimadpbcbfnmbkopoojfekhnkhdbieeh/inject/index.js:4674:46)
    at getBgImageValue (chrome-extension://eimadpbcbfnmbkopoojfekhnkhdbieeh/inject/index.js:4303:37)
    at chrome-extension://eimadpbcbfnmbkopoojfekhnkhdbieeh/inject/index.js:4198:46
    at async Promise.all (index 0)
[   10886ms] TypeError: Cannot destructure property 'rule' of 'varDeclarations.get(...)' as it is undefined.
    at rebuildVarRule (chrome-extension://eimadpbcbfnmbkopoojfekhnkhdbieeh/inject/index.js:5801:24)
    at chrome-extension://eimadpbcbfnmbkopoojfekhnkhdbieeh/inject/index.js:5697:29
    at callback (chrome-extension://eimadpbcbfnmbkopoojfekhnkhdbieeh/inject/index.js:4701:25)
    at chrome-extension://eimadpbcbfnmbkopoojfekhnkhdbieeh/inject/index.js:4879:44
    at Set.forEach (<anonymous>)
    at VariablesStore.setVarFilterType (chrome-extension://eimadpbcbfnmbkopoojfekhnkhdbieeh/inject/index.js:4879:22)
    at pushFilter (chrome-extension://eimadpbcbfnmbkopoojfekhnkhdbieeh/inject/index.js:4674:46)
    at getBgImageValue (chrome-extension://eimadpbcbfnmbkopoojfekhnkhdbieeh/inject/index.js:4303:37)
    at chrome-extension://eimadpbcbfnmbkopoojfekhnkhdbieeh/inject/index.js:4198:46
    at async Promise.all (index 0)
[   10886ms] TypeError: Cannot destructure property 'rule' of 'varDeclarations.get(...)' as it is undefined.
    at rebuildVarRule (chrome-extension://eimadpbcbfnmbkopoojfekhnkhdbieeh/inject/index.js:5801:24)
    at chrome-extension://eimadpbcbfnmbkopoojfekhnkhdbieeh/inject/index.js:5697:29
    at callback (chrome-extension://eimadpbcbfnmbkopoojfekhnkhdbieeh/inject/index.js:4701:25)
    at chrome-extension://eimadpbcbfnmbkopoojfekhnkhdbieeh/inject/index.js:4879:44
    at Set.forEach (<anonymous>)
    at VariablesStore.setVarFilterType (chrome-extension://eimadpbcbfnmbkopoojfekhnkhdbieeh/inject/index.js:4879:22)
    at pushFilter (chrome-extension://eimadpbcbfnmbkopoojfekhnkhdbieeh/inject/index.js:4674:46)
    at getBgImageValue (chrome-extension://eimadpbcbfnmbkopoojfekhnkhdbieeh/inject/index.js:4303:37)
    at chrome-extension://eimadpbcbfnmbkopoojfekhnkhdbieeh/inject/index.js:4198:46
    at async Promise.all (index 0)
[   10886ms] TypeError: Cannot destructure property 'rule' of 'varDeclarations.get(...)' as it is undefined.
    at rebuildVarRule (chrome-extension://eimadpbcbfnmbkopoojfekhnkhdbieeh/inject/index.js:5801:24)
    at chrome-extension://eimadpbcbfnmbkopoojfekhnkhdbieeh/inject/index.js:5697:29
    at callback (chrome-extension://eimadpbcbfnmbkopoojfekhnkhdbieeh/inject/index.js:4701:25)
    at chrome-extension://eimadpbcbfnmbkopoojfekhnkhdbieeh/inject/index.js:4879:44
    at Set.forEach (<anonymous>)
    at VariablesStore.setVarFilterType (chrome-extension://eimadpbcbfnmbkopoojfekhnkhdbieeh/inject/index.js:4879:22)
    at pushFilter (chrome-extension://eimadpbcbfnmbkopoojfekhnkhdbieeh/inject/index.js:4674:46)
    at getBgImageValue (chrome-extension://eimadpbcbfnmbkopoojfekhnkhdbieeh/inject/index.js:4303:37)
    at chrome-extension://eimadpbcbfnmbkopoojfekhnkhdbieeh/inject/index.js:4198:46
    at async Promise.all (index 0)
[   10887ms] TypeError: Cannot destructure property 'rule' of 'varDeclarations.get(...)' as it is undefined.
    at rebuildVarRule (chrome-extension://eimadpbcbfnmbkopoojfekhnkhdbieeh/inject/index.js:5801:24)
    at chrome-extension://eimadpbcbfnmbkopoojfekhnkhdbieeh/inject/index.js:5697:29
    at callback (chrome-extension://eimadpbcbfnmbkopoojfekhnkhdbieeh/inject/index.js:4701:25)
    at chrome-extension://eimadpbcbfnmbkopoojfekhnkhdbieeh/inject/index.js:4879:44
    at Set.forEach (<anonymous>)
    at VariablesStore.setVarFilterType (chrome-extension://eimadpbcbfnmbkopoojfekhnkhdbieeh/inject/index.js:4879:22)
    at pushFilter (chrome-extension://eimadpbcbfnmbkopoojfekhnkhdbieeh/inject/index.js:4674:46)
    at getBgImageValue (chrome-extension://eimadpbcbfnmbkopoojfekhnkhdbieeh/inject/index.js:4303:37)
    at chrome-extension://eimadpbcbfnmbkopoojfekhnkhdbieeh/inject/index.js:4198:46
    at async Promise.all (index 0)
[   10887ms] TypeError: Cannot destructure property 'rule' of 'varDeclarations.get(...)' as it is undefined.
    at rebuildVarRule (chrome-extension://eimadpbcbfnmbkopoojfekhnkhdbieeh/inject/index.js:5801:24)
    at chrome-extension://eimadpbcbfnmbkopoojfekhnkhdbieeh/inject/index.js:5697:29
    at callback (chrome-extension://eimadpbcbfnmbkopoojfekhnkhdbieeh/inject/index.js:4701:25)
    at chrome-extension://eimadpbcbfnmbkopoojfekhnkhdbieeh/inject/index.js:4879:44
    at Set.forEach (<anonymous>)
    at VariablesStore.setVarFilterType (chrome-extension://eimadpbcbfnmbkopoojfekhnkhdbieeh/inject/index.js:4879:22)
    at pushFilter (chrome-extension://eimadpbcbfnmbkopoojfekhnkhdbieeh/inject/index.js:4674:46)
    at getBgImageValue (chrome-extension://eimadpbcbfnmbkopoojfekhnkhdbieeh/inject/index.js:4303:37)
    at chrome-extension://eimadpbcbfnmbkopoojfekhnkhdbieeh/inject/index.js:4198:46
    at async Promise.all (index 0)
[   10887ms] TypeError: Cannot destructure property 'rule' of 'varDeclarations.get(...)' as it is undefined.
    at rebuildVarRule (chrome-extension://eimadpbcbfnmbkopoojfekhnkhdbieeh/inject/index.js:5801:24)
    at chrome-extension://eimadpbcbfnmbkopoojfekhnkhdbieeh/inject/index.js:5697:29
    at callback (chrome-extension://eimadpbcbfnmbkopoojfekhnkhdbieeh/inject/index.js:4701:25)
    at chrome-extension://eimadpbcbfnmbkopoojfekhnkhdbieeh/inject/index.js:4879:44
    at Set.forEach (<anonymous>)
    at VariablesStore.setVarFilterType (chrome-extension://eimadpbcbfnmbkopoojfekhnkhdbieeh/inject/index.js:4879:22)
    at pushFilter (chrome-extension://eimadpbcbfnmbkopoojfekhnkhdbieeh/inject/index.js:4674:46)
    at getBgImageValue (chrome-extension://eimadpbcbfnmbkopoojfekhnkhdbieeh/inject/index.js:4303:37)
    at chrome-extension://eimadpbcbfnmbkopoojfekhnkhdbieeh/inject/index.js:4198:46
    at async Promise.all (index 0)
[   10993ms] TypeError: Cannot destructure property 'rule' of 'varDeclarations.get(...)' as it is undefined.
    at rebuildVarRule (chrome-extension://eimadpbcbfnmbkopoojfekhnkhdbieeh/inject/index.js:5801:24)
    at chrome-extension://eimadpbcbfnmbkopoojfekhnkhdbieeh/inject/index.js:5697:29
    at callback (chrome-extension://eimadpbcbfnmbkopoojfekhnkhdbieeh/inject/index.js:4701:25)
    at chrome-extension://eimadpbcbfnmbkopoojfekhnkhdbieeh/inject/index.js:4879:44
    at Set.forEach (<anonymous>)
    at VariablesStore.setVarFilterType (chrome-extension://eimadpbcbfnmbkopoojfekhnkhdbieeh/inject/index.js:4879:22)
    at pushFilter (chrome-extension://eimadpbcbfnmbkopoojfekhnkhdbieeh/inject/index.js:4674:46)
    at getBgImageValue (chrome-extension://eimadpbcbfnmbkopoojfekhnkhdbieeh/inject/index.js:4303:37)
    at chrome-extension://eimadpbcbfnmbkopoojfekhnkhdbieeh/inject/index.js:4198:46
    at async Promise.all (index 0)
[   10993ms] TypeError: Cannot destructure property 'rule' of 'varDeclarations.get(...)' as it is undefined.
    at rebuildVarRule (chrome-extension://eimadpbcbfnmbkopoojfekhnkhdbieeh/inject/index.js:5801:24)
    at chrome-extension://eimadpbcbfnmbkopoojfekhnkhdbieeh/inject/index.js:5697:29
    at callback (chrome-extension://eimadpbcbfnmbkopoojfekhnkhdbieeh/inject/index.js:4701:25)
    at chrome-extension://eimadpbcbfnmbkopoojfekhnkhdbieeh/inject/index.js:4879:44
    at Set.forEach (<anonymous>)
    at VariablesStore.setVarFilterType (chrome-extension://eimadpbcbfnmbkopoojfekhnkhdbieeh/inject/index.js:4879:22)
    at pushFilter (chrome-extension://eimadpbcbfnmbkopoojfekhnkhdbieeh/inject/index.js:4674:46)
    at getBgImageValue (chrome-extension://eimadpbcbfnmbkopoojfekhnkhdbieeh/inject/index.js:4303:37)
    at chrome-extension://eimadpbcbfnmbkopoojfekhnkhdbieeh/inject/index.js:4198:46
    at async Promise.all (index 0)
[   10993ms] TypeError: Cannot destructure property 'rule' of 'varDeclarations.get(...)' as it is undefined.
    at rebuildVarRule (chrome-extension://eimadpbcbfnmbkopoojfekhnkhdbieeh/inject/index.js:5801:24)
    at chrome-extension://eimadpbcbfnmbkopoojfekhnkhdbieeh/inject/index.js:5697:29
    at callback (chrome-extension://eimadpbcbfnmbkopoojfekhnkhdbieeh/inject/index.js:4701:25)
    at chrome-extension://eimadpbcbfnmbkopoojfekhnkhdbieeh/inject/index.js:4879:44
    at Set.forEach (<anonymous>)
    at VariablesStore.setVarFilterType (chrome-extension://eimadpbcbfnmbkopoojfekhnkhdbieeh/inject/index.js:4879:22)
    at pushFilter (chrome-extension://eimadpbcbfnmbkopoojfekhnkhdbieeh/inject/index.js:4674:46)
    at getBgImageValue (chrome-extension://eimadpbcbfnmbkopoojfekhnkhdbieeh/inject/index.js:4303:37)
    at chrome-extension://eimadpbcbfnmbkopoojfekhnkhdbieeh/inject/index.js:4198:46
    at async Promise.all (index 0)
[   14048ms] TypeError: Cannot destructure property 'rule' of 'varDeclarations.get(...)' as it is undefined.
    at rebuildVarRule (chrome-extension://eimadpbcbfnmbkopoojfekhnkhdbieeh/inject/index.js:5801:24)
    at chrome-extension://eimadpbcbfnmbkopoojfekhnkhdbieeh/inject/index.js:5697:29
    at callback (chrome-extension://eimadpbcbfnmbkopoojfekhnkhdbieeh/inject/index.js:4701:25)
    at chrome-extension://eimadpbcbfnmbkopoojfekhnkhdbieeh/inject/index.js:4879:44
    at Set.forEach (<anonymous>)
    at VariablesStore.setVarFilterType (chrome-extension://eimadpbcbfnmbkopoojfekhnkhdbieeh/inject/index.js:4879:22)
    at pushFilter (chrome-extension://eimadpbcbfnmbkopoojfekhnkhdbieeh/inject/index.js:4674:46)
    at getBgImageValue (chrome-extension://eimadpbcbfnmbkopoojfekhnkhdbieeh/inject/index.js:4303:37)
    at chrome-extension://eimadpbcbfnmbkopoojfekhnkhdbieeh/inject/index.js:4198:46
    at async Promise.all (index 0)
[   14306ms] [ERROR] Failed to load resource: net::ERR_BLOCKED_BY_CLIENT @ https://www.linkedin.com/sensorCollect/?action=reportMetrics:0
[   14307ms] [WARNING] Attribute 'exception.tags' of type 'object' could not be converted to a proto attribute. @ https://static.licdn.com/aero-v1/sc/h/assets/CwzDKlQg.js:2
[   14365ms] TypeError: Cannot destructure property 'rule' of 'varDeclarations.get(...)' as it is undefined.
    at rebuildVarRule (chrome-extension://eimadpbcbfnmbkopoojfekhnkhdbieeh/inject/index.js:5801:24)
    at chrome-extension://eimadpbcbfnmbkopoojfekhnkhdbieeh/inject/index.js:5697:29
    at callback (chrome-extension://eimadpbcbfnmbkopoojfekhnkhdbieeh/inject/index.js:4701:25)
    at chrome-extension://eimadpbcbfnmbkopoojfekhnkhdbieeh/inject/index.js:4879:44
    at Set.forEach (<anonymous>)
    at VariablesStore.setVarFilterType (chrome-extension://eimadpbcbfnmbkopoojfekhnkhdbieeh/inject/index.js:4879:22)
    at pushFilter (chrome-extension://eimadpbcbfnmbkopoojfekhnkhdbieeh/inject/index.js:4674:46)
    at getBgImageValue (chrome-extension://eimadpbcbfnmbkopoojfekhnkhdbieeh/inject/index.js:4303:37)
    at chrome-extension://eimadpbcbfnmbkopoojfekhnkhdbieeh/inject/index.js:4198:46
    at async Promise.all (index 0)
[   14370ms] TypeError: Cannot destructure property 'rule' of 'varDeclarations.get(...)' as it is undefined.
    at rebuildVarRule (chrome-extension://eimadpbcbfnmbkopoojfekhnkhdbieeh/inject/index.js:5801:24)
    at chrome-extension://eimadpbcbfnmbkopoojfekhnkhdbieeh/inject/index.js:5697:29
    at callback (chrome-extension://eimadpbcbfnmbkopoojfekhnkhdbieeh/inject/index.js:4701:25)
    at chrome-extension://eimadpbcbfnmbkopoojfekhnkhdbieeh/inject/index.js:4879:44
    at Set.forEach (<anonymous>)
    at VariablesStore.setVarFilterType (chrome-extension://eimadpbcbfnmbkopoojfekhnkhdbieeh/inject/index.js:4879:22)
    at pushFilter (chrome-extension://eimadpbcbfnmbkopoojfekhnkhdbieeh/inject/index.js:4674:46)
    at getBgImageValue (chrome-extension://eimadpbcbfnmbkopoojfekhnkhdbieeh/inject/index.js:4303:37)
    at chrome-extension://eimadpbcbfnmbkopoojfekhnkhdbieeh/inject/index.js:4198:46
    at async Promise.all (index 0)
[   14370ms] TypeError: Cannot destructure property 'rule' of 'varDeclarations.get(...)' as it is undefined.
    at rebuildVarRule (chrome-extension://eimadpbcbfnmbkopoojfekhnkhdbieeh/inject/index.js:5801:24)
    at chrome-extension://eimadpbcbfnmbkopoojfekhnkhdbieeh/inject/index.js:5697:29
    at callback (chrome-extension://eimadpbcbfnmbkopoojfekhnkhdbieeh/inject/index.js:4701:25)
    at chrome-extension://eimadpbcbfnmbkopoojfekhnkhdbieeh/inject/index.js:4879:44
    at Set.forEach (<anonymous>)
    at VariablesStore.setVarFilterType (chrome-extension://eimadpbcbfnmbkopoojfekhnkhdbieeh/inject/index.js:4879:22)
    at pushFilter (chrome-extension://eimadpbcbfnmbkopoojfekhnkhdbieeh/inject/index.js:4674:46)
    at getBgImageValue (chrome-extension://eimadpbcbfnmbkopoojfekhnkhdbieeh/inject/index.js:4303:37)
    at chrome-extension://eimadpbcbfnmbkopoojfekhnkhdbieeh/inject/index.js:4198:46
    at async Promise.all (index 0)
[   14370ms] TypeError: Cannot destructure property 'rule' of 'varDeclarations.get(...)' as it is undefined.
    at rebuildVarRule (chrome-extension://eimadpbcbfnmbkopoojfekhnkhdbieeh/inject/index.js:5801:24)
    at chrome-extension://eimadpbcbfnmbkopoojfekhnkhdbieeh/inject/index.js:5697:29
    at callback (chrome-extension://eimadpbcbfnmbkopoojfekhnkhdbieeh/inject/index.js:4701:25)
    at chrome-extension://eimadpbcbfnmbkopoojfekhnkhdbieeh/inject/index.js:4879:44
    at Set.forEach (<anonymous>)
    at VariablesStore.setVarFilterType (chrome-extension://eimadpbcbfnmbkopoojfekhnkhdbieeh/inject/index.js:4879:22)
    at pushFilter (chrome-extension://eimadpbcbfnmbkopoojfekhnkhdbieeh/inject/index.js:4674:46)
    at getBgImageValue (chrome-extension://eimadpbcbfnmbkopoojfekhnkhdbieeh/inject/index.js:4303:37)
    at chrome-extension://eimadpbcbfnmbkopoojfekhnkhdbieeh/inject/index.js:4198:46
    at async Promise.all (index 0)
[   14370ms] TypeError: Cannot destructure property 'rule' of 'varDeclarations.get(...)' as it is undefined.
    at rebuildVarRule (chrome-extension://eimadpbcbfnmbkopoojfekhnkhdbieeh/inject/index.js:5801:24)
    at chrome-extension://eimadpbcbfnmbkopoojfekhnkhdbieeh/inject/index.js:5697:29
    at callback (chrome-extension://eimadpbcbfnmbkopoojfekhnkhdbieeh/inject/index.js:4701:25)
    at chrome-extension://eimadpbcbfnmbkopoojfekhnkhdbieeh/inject/index.js:4879:44
    at Set.forEach (<anonymous>)
    at VariablesStore.setVarFilterType (chrome-extension://eimadpbcbfnmbkopoojfekhnkhdbieeh/inject/index.js:4879:22)
    at pushFilter (chrome-extension://eimadpbcbfnmbkopoojfekhnkhdbieeh/inject/index.js:4674:46)
    at getBgImageValue (chrome-extension://eimadpbcbfnmbkopoojfekhnkhdbieeh/inject/index.js:4303:37)
    at chrome-extension://eimadpbcbfnmbkopoojfekhnkhdbieeh/inject/index.js:4198:46
    at async Promise.all (index 0)
[   14371ms] TypeError: Cannot destructure property 'rule' of 'varDeclarations.get(...)' as it is undefined.
    at rebuildVarRule (chrome-extension://eimadpbcbfnmbkopoojfekhnkhdbieeh/inject/index.js:5801:24)
    at chrome-extension://eimadpbcbfnmbkopoojfekhnkhdbieeh/inject/index.js:5697:29
    at callback (chrome-extension://eimadpbcbfnmbkopoojfekhnkhdbieeh/inject/index.js:4701:25)
    at chrome-extension://eimadpbcbfnmbkopoojfekhnkhdbieeh/inject/index.js:4879:44
    at Set.forEach (<anonymous>)
    at VariablesStore.setVarFilterType (chrome-extension://eimadpbcbfnmbkopoojfekhnkhdbieeh/inject/index.js:4879:22)
    at pushFilter (chrome-extension://eimadpbcbfnmbkopoojfekhnkhdbieeh/inject/index.js:4674:46)
    at getBgImageValue (chrome-extension://eimadpbcbfnmbkopoojfekhnkhdbieeh/inject/index.js:4303:37)
    at chrome-extension://eimadpbcbfnmbkopoojfekhnkhdbieeh/inject/index.js:4198:46
    at async Promise.all (index 0)
[   14371ms] TypeError: Cannot destructure property 'rule' of 'varDeclarations.get(...)' as it is undefined.
    at rebuildVarRule (chrome-extension://eimadpbcbfnmbkopoojfekhnkhdbieeh/inject/index.js:5801:24)
    at chrome-extension://eimadpbcbfnmbkopoojfekhnkhdbieeh/inject/index.js:5697:29
    at callback (chrome-extension://eimadpbcbfnmbkopoojfekhnkhdbieeh/inject/index.js:4701:25)
    at chrome-extension://eimadpbcbfnmbkopoojfekhnkhdbieeh/inject/index.js:4879:44
    at Set.forEach (<anonymous>)
    at VariablesStore.setVarFilterType (chrome-extension://eimadpbcbfnmbkopoojfekhnkhdbieeh/inject/index.js:4879:22)
    at pushFilter (chrome-extension://eimadpbcbfnmbkopoojfekhnkhdbieeh/inject/index.js:4674:46)
    at getBgImageValue (chrome-extension://eimadpbcbfnmbkopoojfekhnkhdbieeh/inject/index.js:4303:37)
    at chrome-extension://eimadpbcbfnmbkopoojfekhnkhdbieeh/inject/index.js:4198:46
    at async Promise.all (index 0)
[   14371ms] TypeError: Cannot destructure property 'rule' of 'varDeclarations.get(...)' as it is undefined.
    at rebuildVarRule (chrome-extension://eimadpbcbfnmbkopoojfekhnkhdbieeh/inject/index.js:5801:24)
    at chrome-extension://eimadpbcbfnmbkopoojfekhnkhdbieeh/inject/index.js:5697:29
    at callback (chrome-extension://eimadpbcbfnmbkopoojfekhnkhdbieeh/inject/index.js:4701:25)
    at chrome-extension://eimadpbcbfnmbkopoojfekhnkhdbieeh/inject/index.js:4879:44
    at Set.forEach (<anonymous>)
    at VariablesStore.setVarFilterType (chrome-extension://eimadpbcbfnmbkopoojfekhnkhdbieeh/inject/index.js:4879:22)
    at pushFilter (chrome-extension://eimadpbcbfnmbkopoojfekhnkhdbieeh/inject/index.js:4674:46)
    at getBgImageValue (chrome-extension://eimadpbcbfnmbkopoojfekhnkhdbieeh/inject/index.js:4303:37)
    at chrome-extension://eimadpbcbfnmbkopoojfekhnkhdbieeh/inject/index.js:4198:46
    at async Promise.all (index 0)
[   14371ms] TypeError: Cannot destructure property 'rule' of 'varDeclarations.get(...)' as it is undefined.
    at rebuildVarRule (chrome-extension://eimadpbcbfnmbkopoojfekhnkhdbieeh/inject/index.js:5801:24)
    at chrome-extension://eimadpbcbfnmbkopoojfekhnkhdbieeh/inject/index.js:5697:29
    at callback (chrome-extension://eimadpbcbfnmbkopoojfekhnkhdbieeh/inject/index.js:4701:25)
    at chrome-extension://eimadpbcbfnmbkopoojfekhnkhdbieeh/inject/index.js:4879:44
    at Set.forEach (<anonymous>)
    at VariablesStore.setVarFilterType (chrome-extension://eimadpbcbfnmbkopoojfekhnkhdbieeh/inject/index.js:4879:22)
    at pushFilter (chrome-extension://eimadpbcbfnmbkopoojfekhnkhdbieeh/inject/index.js:4674:46)
    at getBgImageValue (chrome-extension://eimadpbcbfnmbkopoojfekhnkhdbieeh/inject/index.js:4303:37)
    at chrome-extension://eimadpbcbfnmbkopoojfekhnkhdbieeh/inject/index.js:4198:46
    at async Promise.all (index 0)
[   14384ms] TypeError: Cannot destructure property 'rule' of 'varDeclarations.get(...)' as it is undefined.
    at rebuildVarRule (chrome-extension://eimadpbcbfnmbkopoojfekhnkhdbieeh/inject/index.js:5801:24)
    at chrome-extension://eimadpbcbfnmbkopoojfekhnkhdbieeh/inject/index.js:5697:29
    at callback (chrome-extension://eimadpbcbfnmbkopoojfekhnkhdbieeh/inject/index.js:4701:25)
    at chrome-extension://eimadpbcbfnmbkopoojfekhnkhdbieeh/inject/index.js:4879:44
    at Set.forEach (<anonymous>)
    at VariablesStore.setVarFilterType (chrome-extension://eimadpbcbfnmbkopoojfekhnkhdbieeh/inject/index.js:4879:22)
    at pushFilter (chrome-extension://eimadpbcbfnmbkopoojfekhnkhdbieeh/inject/index.js:4674:46)
    at getBgImageValue (chrome-extension://eimadpbcbfnmbkopoojfekhnkhdbieeh/inject/index.js:4303:37)
    at chrome-extension://eimadpbcbfnmbkopoojfekhnkhdbieeh/inject/index.js:4198:46
    at async Promise.all (index 0)
[   14514ms] TypeError: Cannot destructure property 'rule' of 'varDeclarations.get(...)' as it is undefined.
    at rebuildVarRule (chrome-extension://eimadpbcbfnmbkopoojfekhnkhdbieeh/inject/index.js:5801:24)
    at chrome-extension://eimadpbcbfnmbkopoojfekhnkhdbieeh/inject/index.js:5697:29
    at callback (chrome-extension://eimadpbcbfnmbkopoojfekhnkhdbieeh/inject/index.js:4701:25)
    at chrome-extension://eimadpbcbfnmbkopoojfekhnkhdbieeh/inject/index.js:4879:44
    at Set.forEach (<anonymous>)
    at VariablesStore.setVarFilterType (chrome-extension://eimadpbcbfnmbkopoojfekhnkhdbieeh/inject/index.js:4879:22)
    at pushFilter (chrome-extension://eimadpbcbfnmbkopoojfekhnkhdbieeh/inject/index.js:4674:46)
    at getBgImageValue (chrome-extension://eimadpbcbfnmbkopoojfekhnkhdbieeh/inject/index.js:4303:37)
    at chrome-extension://eimadpbcbfnmbkopoojfekhnkhdbieeh/inject/index.js:4198:46
    at async Promise.all (index 0)
[   14631ms] TypeError: Cannot destructure property 'rule' of 'varDeclarations.get(...)' as it is undefined.
    at rebuildVarRule (chrome-extension://eimadpbcbfnmbkopoojfekhnkhdbieeh/inject/index.js:5801:24)
    at chrome-extension://eimadpbcbfnmbkopoojfekhnkhdbieeh/inject/index.js:5697:29
    at callback (chrome-extension://eimadpbcbfnmbkopoojfekhnkhdbieeh/inject/index.js:4701:25)
    at chrome-extension://eimadpbcbfnmbkopoojfekhnkhdbieeh/inject/index.js:4879:44
    at Set.forEach (<anonymous>)
    at VariablesStore.setVarFilterType (chrome-extension://eimadpbcbfnmbkopoojfekhnkhdbieeh/inject/index.js:4879:22)
    at pushFilter (chrome-extension://eimadpbcbfnmbkopoojfekhnkhdbieeh/inject/index.js:4674:46)
    at getBgImageValue (chrome-extension://eimadpbcbfnmbkopoojfekhnkhdbieeh/inject/index.js:4303:37)
    at chrome-extension://eimadpbcbfnmbkopoojfekhnkhdbieeh/inject/index.js:4198:46
    at async Promise.all (index 0)
[   14632ms] TypeError: Cannot destructure property 'rule' of 'varDeclarations.get(...)' as it is undefined.
    at rebuildVarRule (chrome-extension://eimadpbcbfnmbkopoojfekhnkhdbieeh/inject/index.js:5801:24)
    at chrome-extension://eimadpbcbfnmbkopoojfekhnkhdbieeh/inject/index.js:5697:29
    at callback (chrome-extension://eimadpbcbfnmbkopoojfekhnkhdbieeh/inject/index.js:4701:25)
    at chrome-extension://eimadpbcbfnmbkopoojfekhnkhdbieeh/inject/index.js:4879:44
    at Set.forEach (<anonymous>)
    at VariablesStore.setVarFilterType (chrome-extension://eimadpbcbfnmbkopoojfekhnkhdbieeh/inject/index.js:4879:22)
    at pushFilter (chrome-extension://eimadpbcbfnmbkopoojfekhnkhdbieeh/inject/index.js:4674:46)
    at getBgImageValue (chrome-extension://eimadpbcbfnmbkopoojfekhnkhdbieeh/inject/index.js:4303:37)
    at chrome-extension://eimadpbcbfnmbkopoojfekhnkhdbieeh/inject/index.js:4198:46
    at async Promise.all (index 0)
[   14632ms] TypeError: Cannot destructure property 'rule' of 'varDeclarations.get(...)' as it is undefined.
    at rebuildVarRule (chrome-extension://eimadpbcbfnmbkopoojfekhnkhdbieeh/inject/index.js:5801:24)
    at chrome-extension://eimadpbcbfnmbkopoojfekhnkhdbieeh/inject/index.js:5697:29
    at callback (chrome-extension://eimadpbcbfnmbkopoojfekhnkhdbieeh/inject/index.js:4701:25)
    at chrome-extension://eimadpbcbfnmbkopoojfekhnkhdbieeh/inject/index.js:4879:44
    at Set.forEach (<anonymous>)
    at VariablesStore.setVarFilterType (chrome-extension://eimadpbcbfnmbkopoojfekhnkhdbieeh/inject/index.js:4879:22)
    at pushFilter (chrome-extension://eimadpbcbfnmbkopoojfekhnkhdbieeh/inject/index.js:4674:46)
    at getBgImageValue (chrome-extension://eimadpbcbfnmbkopoojfekhnkhdbieeh/inject/index.js:4303:37)
    at chrome-extension://eimadpbcbfnmbkopoojfekhnkhdbieeh/inject/index.js:4198:46
    at async Promise.all (index 0)
[   14632ms] TypeError: Cannot destructure property 'rule' of 'varDeclarations.get(...)' as it is undefined.
    at rebuildVarRule (chrome-extension://eimadpbcbfnmbkopoojfekhnkhdbieeh/inject/index.js:5801:24)
    at chrome-extension://eimadpbcbfnmbkopoojfekhnkhdbieeh/inject/index.js:5697:29
    at callback (chrome-extension://eimadpbcbfnmbkopoojfekhnkhdbieeh/inject/index.js:4701:25)
    at chrome-extension://eimadpbcbfnmbkopoojfekhnkhdbieeh/inject/index.js:4879:44
    at Set.forEach (<anonymous>)
    at VariablesStore.setVarFilterType (chrome-extension://eimadpbcbfnmbkopoojfekhnkhdbieeh/inject/index.js:4879:22)
    at pushFilter (chrome-extension://eimadpbcbfnmbkopoojfekhnkhdbieeh/inject/index.js:4674:46)
    at getBgImageValue (chrome-extension://eimadpbcbfnmbkopoojfekhnkhdbieeh/inject/index.js:4303:37)
    at chrome-extension://eimadpbcbfnmbkopoojfekhnkhdbieeh/inject/index.js:4198:46
    at async Promise.all (index 0)
[   14634ms] TypeError: Cannot destructure property 'rule' of 'varDeclarations.get(...)' as it is undefined.
    at rebuildVarRule (chrome-extension://eimadpbcbfnmbkopoojfekhnkhdbieeh/inject/index.js:5801:24)
    at chrome-extension://eimadpbcbfnmbkopoojfekhnkhdbieeh/inject/index.js:5697:29
    at callback (chrome-extension://eimadpbcbfnmbkopoojfekhnkhdbieeh/inject/index.js:4701:25)
    at chrome-extension://eimadpbcbfnmbkopoojfekhnkhdbieeh/inject/index.js:4879:44
    at Set.forEach (<anonymous>)
    at VariablesStore.setVarFilterType (chrome-extension://eimadpbcbfnmbkopoojfekhnkhdbieeh/inject/index.js:4879:22)
    at pushFilter (chrome-extension://eimadpbcbfnmbkopoojfekhnkhdbieeh/inject/index.js:4674:46)
    at getBgImageValue (chrome-extension://eimadpbcbfnmbkopoojfekhnkhdbieeh/inject/index.js:4303:37)
    at chrome-extension://eimadpbcbfnmbkopoojfekhnkhdbieeh/inject/index.js:4198:46
    at async Promise.all (index 0)
[   14634ms] TypeError: Cannot destructure property 'rule' of 'varDeclarations.get(...)' as it is undefined.
    at rebuildVarRule (chrome-extension://eimadpbcbfnmbkopoojfekhnkhdbieeh/inject/index.js:5801:24)
    at chrome-extension://eimadpbcbfnmbkopoojfekhnkhdbieeh/inject/index.js:5697:29
    at callback (chrome-extension://eimadpbcbfnmbkopoojfekhnkhdbieeh/inject/index.js:4701:25)
    at chrome-extension://eimadpbcbfnmbkopoojfekhnkhdbieeh/inject/index.js:4879:44
    at Set.forEach (<anonymous>)
    at VariablesStore.setVarFilterType (chrome-extension://eimadpbcbfnmbkopoojfekhnkhdbieeh/inject/index.js:4879:22)
    at pushFilter (chrome-extension://eimadpbcbfnmbkopoojfekhnkhdbieeh/inject/index.js:4674:46)
    at getBgImageValue (chrome-extension://eimadpbcbfnmbkopoojfekhnkhdbieeh/inject/index.js:4303:37)
    at chrome-extension://eimadpbcbfnmbkopoojfekhnkhdbieeh/inject/index.js:4198:46
    at async Promise.all (index 0)
[   14634ms] TypeError: Cannot destructure property 'rule' of 'varDeclarations.get(...)' as it is undefined.
    at rebuildVarRule (chrome-extension://eimadpbcbfnmbkopoojfekhnkhdbieeh/inject/index.js:5801:24)
    at chrome-extension://eimadpbcbfnmbkopoojfekhnkhdbieeh/inject/index.js:5697:29
    at callback (chrome-extension://eimadpbcbfnmbkopoojfekhnkhdbieeh/inject/index.js:4701:25)
    at chrome-extension://eimadpbcbfnmbkopoojfekhnkhdbieeh/inject/index.js:4879:44
    at Set.forEach (<anonymous>)
    at VariablesStore.setVarFilterType (chrome-extension://eimadpbcbfnmbkopoojfekhnkhdbieeh/inject/index.js:4879:22)
    at pushFilter (chrome-extension://eimadpbcbfnmbkopoojfekhnkhdbieeh/inject/index.js:4674:46)
    at getBgImageValue (chrome-extension://eimadpbcbfnmbkopoojfekhnkhdbieeh/inject/index.js:4303:37)
    at chrome-extension://eimadpbcbfnmbkopoojfekhnkhdbieeh/inject/index.js:4198:46
    at async Promise.all (index 0)
[   14635ms] TypeError: Cannot destructure property 'rule' of 'varDeclarations.get(...)' as it is undefined.
    at rebuildVarRule (chrome-extension://eimadpbcbfnmbkopoojfekhnkhdbieeh/inject/index.js:5801:24)
    at chrome-extension://eimadpbcbfnmbkopoojfekhnkhdbieeh/inject/index.js:5697:29
    at callback (chrome-extension://eimadpbcbfnmbkopoojfekhnkhdbieeh/inject/index.js:4701:25)
    at chrome-extension://eimadpbcbfnmbkopoojfekhnkhdbieeh/inject/index.js:4879:44
    at Set.forEach (<anonymous>)
    at VariablesStore.setVarFilterType (chrome-extension://eimadpbcbfnmbkopoojfekhnkhdbieeh/inject/index.js:4879:22)
    at pushFilter (chrome-extension://eimadpbcbfnmbkopoojfekhnkhdbieeh/inject/index.js:4674:46)
    at getBgImageValue (chrome-extension://eimadpbcbfnmbkopoojfekhnkhdbieeh/inject/index.js:4303:37)
    at chrome-extension://eimadpbcbfnmbkopoojfekhnkhdbieeh/inject/index.js:4198:46
    at async Promise.all (index 0)
[   14637ms] TypeError: Cannot destructure property 'rule' of 'varDeclarations.get(...)' as it is undefined.
    at rebuildVarRule (chrome-extension://eimadpbcbfnmbkopoojfekhnkhdbieeh/inject/index.js:5801:24)
    at chrome-extension://eimadpbcbfnmbkopoojfekhnkhdbieeh/inject/index.js:5697:29
    at callback (chrome-extension://eimadpbcbfnmbkopoojfekhnkhdbieeh/inject/index.js:4701:25)
    at chrome-extension://eimadpbcbfnmbkopoojfekhnkhdbieeh/inject/index.js:4879:44
    at Set.forEach (<anonymous>)
    at VariablesStore.setVarFilterType (chrome-extension://eimadpbcbfnmbkopoojfekhnkhdbieeh/inject/index.js:4879:22)
    at pushFilter (chrome-extension://eimadpbcbfnmbkopoojfekhnkhdbieeh/inject/index.js:4674:46)
    at getBgImageValue (chrome-extension://eimadpbcbfnmbkopoojfekhnkhdbieeh/inject/index.js:4303:37)
    at chrome-extension://eimadpbcbfnmbkopoojfekhnkhdbieeh/inject/index.js:4198:46
    at async Promise.all (index 0)
[   14646ms] TypeError: Cannot destructure property 'rule' of 'varDeclarations.get(...)' as it is undefined.
    at rebuildVarRule (chrome-extension://eimadpbcbfnmbkopoojfekhnkhdbieeh/inject/index.js:5801:24)
    at chrome-extension://eimadpbcbfnmbkopoojfekhnkhdbieeh/inject/index.js:5697:29
    at callback (chrome-extension://eimadpbcbfnmbkopoojfekhnkhdbieeh/inject/index.js:4701:25)
    at chrome-extension://eimadpbcbfnmbkopoojfekhnkhdbieeh/inject/index.js:4879:44
    at Set.forEach (<anonymous>)
    at VariablesStore.setVarFilterType (chrome-extension://eimadpbcbfnmbkopoojfekhnkhdbieeh/inject/index.js:4879:22)
    at pushFilter (chrome-extension://eimadpbcbfnmbkopoojfekhnkhdbieeh/inject/index.js:4674:46)
    at getBgImageValue (chrome-extension://eimadpbcbfnmbkopoojfekhnkhdbieeh/inject/index.js:4303:37)
    at chrome-extension://eimadpbcbfnmbkopoojfekhnkhdbieeh/inject/index.js:4198:46
    at async Promise.all (index 0)
[   14647ms] TypeError: Cannot destructure property 'rule' of 'varDeclarations.get(...)' as it is undefined.
    at rebuildVarRule (chrome-extension://eimadpbcbfnmbkopoojfekhnkhdbieeh/inject/index.js:5801:24)
    at chrome-extension://eimadpbcbfnmbkopoojfekhnkhdbieeh/inject/index.js:5697:29
    at callback (chrome-extension://eimadpbcbfnmbkopoojfekhnkhdbieeh/inject/index.js:4701:25)
    at chrome-extension://eimadpbcbfnmbkopoojfekhnkhdbieeh/inject/index.js:4879:44
    at Set.forEach (<anonymous>)
    at VariablesStore.setVarFilterType (chrome-extension://eimadpbcbfnmbkopoojfekhnkhdbieeh/inject/index.js:4879:22)
    at pushFilter (chrome-extension://eimadpbcbfnmbkopoojfekhnkhdbieeh/inject/index.js:4674:46)
    at getBgImageValue (chrome-extension://eimadpbcbfnmbkopoojfekhnkhdbieeh/inject/index.js:4303:37)
    at chrome-extension://eimadpbcbfnmbkopoojfekhnkhdbieeh/inject/index.js:4198:46
    at async Promise.all (index 0)
[   14732ms] TypeError: Cannot destructure property 'rule' of 'varDeclarations.get(...)' as it is undefined.
    at rebuildVarRule (chrome-extension://eimadpbcbfnmbkopoojfekhnkhdbieeh/inject/index.js:5801:24)
    at chrome-extension://eimadpbcbfnmbkopoojfekhnkhdbieeh/inject/index.js:5697:29
    at callback (chrome-extension://eimadpbcbfnmbkopoojfekhnkhdbieeh/inject/index.js:4701:25)
    at chrome-extension://eimadpbcbfnmbkopoojfekhnkhdbieeh/inject/index.js:4879:44
    at Set.forEach (<anonymous>)
    at VariablesStore.setVarFilterType (chrome-extension://eimadpbcbfnmbkopoojfekhnkhdbieeh/inject/index.js:4879:22)
    at pushFilter (chrome-extension://eimadpbcbfnmbkopoojfekhnkhdbieeh/inject/index.js:4674:46)
    at getBgImageValue (chrome-extension://eimadpbcbfnmbkopoojfekhnkhdbieeh/inject/index.js:4303:37)
    at chrome-extension://eimadpbcbfnmbkopoojfekhnkhdbieeh/inject/index.js:4198:46
    at async Promise.all (index 0)
[   14732ms] TypeError: Cannot destructure property 'rule' of 'varDeclarations.get(...)' as it is undefined.
    at rebuildVarRule (chrome-extension://eimadpbcbfnmbkopoojfekhnkhdbieeh/inject/index.js:5801:24)
    at chrome-extension://eimadpbcbfnmbkopoojfekhnkhdbieeh/inject/index.js:5697:29
    at callback (chrome-extension://eimadpbcbfnmbkopoojfekhnkhdbieeh/inject/index.js:4701:25)
    at chrome-extension://eimadpbcbfnmbkopoojfekhnkhdbieeh/inject/index.js:4879:44
    at Set.forEach (<anonymous>)
    at VariablesStore.setVarFilterType (chrome-extension://eimadpbcbfnmbkopoojfekhnkhdbieeh/inject/index.js:4879:22)
    at pushFilter (chrome-extension://eimadpbcbfnmbkopoojfekhnkhdbieeh/inject/index.js:4674:46)
    at getBgImageValue (chrome-extension://eimadpbcbfnmbkopoojfekhnkhdbieeh/inject/index.js:4303:37)
    at chrome-extension://eimadpbcbfnmbkopoojfekhnkhdbieeh/inject/index.js:4198:46
    at async Promise.all (index 0)
[   14738ms] TypeError: Cannot destructure property 'rule' of 'varDeclarations.get(...)' as it is undefined.
    at rebuildVarRule (chrome-extension://eimadpbcbfnmbkopoojfekhnkhdbieeh/inject/index.js:5801:24)
    at chrome-extension://eimadpbcbfnmbkopoojfekhnkhdbieeh/inject/index.js:5697:29
    at callback (chrome-extension://eimadpbcbfnmbkopoojfekhnkhdbieeh/inject/index.js:4701:25)
    at chrome-extension://eimadpbcbfnmbkopoojfekhnkhdbieeh/inject/index.js:4879:44
    at Set.forEach (<anonymous>)
    at VariablesStore.setVarFilterType (chrome-extension://eimadpbcbfnmbkopoojfekhnkhdbieeh/inject/index.js:4879:22)
    at pushFilter (chrome-extension://eimadpbcbfnmbkopoojfekhnkhdbieeh/inject/index.js:4674:46)
    at getBgImageValue (chrome-extension://eimadpbcbfnmbkopoojfekhnkhdbieeh/inject/index.js:4303:37)
    at chrome-extension://eimadpbcbfnmbkopoojfekhnkhdbieeh/inject/index.js:4198:46
    at async Promise.all (index 0)
[   14738ms] TypeError: Cannot destructure property 'rule' of 'varDeclarations.get(...)' as it is undefined.
    at rebuildVarRule (chrome-extension://eimadpbcbfnmbkopoojfekhnkhdbieeh/inject/index.js:5801:24)
    at chrome-extension://eimadpbcbfnmbkopoojfekhnkhdbieeh/inject/index.js:5697:29
    at callback (chrome-extension://eimadpbcbfnmbkopoojfekhnkhdbieeh/inject/index.js:4701:25)
    at chrome-extension://eimadpbcbfnmbkopoojfekhnkhdbieeh/inject/index.js:4879:44
    at Set.forEach (<anonymous>)
    at VariablesStore.setVarFilterType (chrome-extension://eimadpbcbfnmbkopoojfekhnkhdbieeh/inject/index.js:4879:22)
    at pushFilter (chrome-extension://eimadpbcbfnmbkopoojfekhnkhdbieeh/inject/index.js:4674:46)
    at getBgImageValue (chrome-extension://eimadpbcbfnmbkopoojfekhnkhdbieeh/inject/index.js:4303:37)
    at chrome-extension://eimadpbcbfnmbkopoojfekhnkhdbieeh/inject/index.js:4198:46
    at async Promise.all (index 0)
[   14743ms] TypeError: Cannot destructure property 'rule' of 'varDeclarations.get(...)' as it is undefined.
    at rebuildVarRule (chrome-extension://eimadpbcbfnmbkopoojfekhnkhdbieeh/inject/index.js:5801:24)
    at chrome-extension://eimadpbcbfnmbkopoojfekhnkhdbieeh/inject/index.js:5697:29
    at callback (chrome-extension://eimadpbcbfnmbkopoojfekhnkhdbieeh/inject/index.js:4701:25)
    at chrome-extension://eimadpbcbfnmbkopoojfekhnkhdbieeh/inject/index.js:4879:44
    at Set.forEach (<anonymous>)
    at VariablesStore.setVarFilterType (chrome-extension://eimadpbcbfnmbkopoojfekhnkhdbieeh/inject/index.js:4879:22)
    at pushFilter (chrome-extension://eimadpbcbfnmbkopoojfekhnkhdbieeh/inject/index.js:4674:46)
    at getBgImageValue (chrome-extension://eimadpbcbfnmbkopoojfekhnkhdbieeh/inject/index.js:4303:37)
    at chrome-extension://eimadpbcbfnmbkopoojfekhnkhdbieeh/inject/index.js:4198:46
    at async Promise.all (index 0)
[   14743ms] TypeError: Cannot destructure property 'rule' of 'varDeclarations.get(...)' as it is undefined.
    at rebuildVarRule (chrome-extension://eimadpbcbfnmbkopoojfekhnkhdbieeh/inject/index.js:5801:24)
    at chrome-extension://eimadpbcbfnmbkopoojfekhnkhdbieeh/inject/index.js:5697:29
    at callback (chrome-extension://eimadpbcbfnmbkopoojfekhnkhdbieeh/inject/index.js:4701:25)
    at chrome-extension://eimadpbcbfnmbkopoojfekhnkhdbieeh/inject/index.js:4879:44
    at Set.forEach (<anonymous>)
    at VariablesStore.setVarFilterType (chrome-extension://eimadpbcbfnmbkopoojfekhnkhdbieeh/inject/index.js:4879:22)
    at pushFilter (chrome-extension://eimadpbcbfnmbkopoojfekhnkhdbieeh/inject/index.js:4674:46)
    at getBgImageValue (chrome-extension://eimadpbcbfnmbkopoojfekhnkhdbieeh/inject/index.js:4303:37)
    at chrome-extension://eimadpbcbfnmbkopoojfekhnkhdbieeh/inject/index.js:4198:46
    at async Promise.all (index 0)
[   14744ms] TypeError: Cannot destructure property 'rule' of 'varDeclarations.get(...)' as it is undefined.
    at rebuildVarRule (chrome-extension://eimadpbcbfnmbkopoojfekhnkhdbieeh/inject/index.js:5801:24)
    at chrome-extension://eimadpbcbfnmbkopoojfekhnkhdbieeh/inject/index.js:5697:29
    at callback (chrome-extension://eimadpbcbfnmbkopoojfekhnkhdbieeh/inject/index.js:4701:25)
    at chrome-extension://eimadpbcbfnmbkopoojfekhnkhdbieeh/inject/index.js:4879:44
    at Set.forEach (<anonymous>)
    at VariablesStore.setVarFilterType (chrome-extension://eimadpbcbfnmbkopoojfekhnkhdbieeh/inject/index.js:4879:22)
    at pushFilter (chrome-extension://eimadpbcbfnmbkopoojfekhnkhdbieeh/inject/index.js:4674:46)
    at getBgImageValue (chrome-extension://eimadpbcbfnmbkopoojfekhnkhdbieeh/inject/index.js:4303:37)
    at chrome-extension://eimadpbcbfnmbkopoojfekhnkhdbieeh/inject/index.js:4198:46
    at async Promise.all (index 0)
[   14744ms] TypeError: Cannot destructure property 'rule' of 'varDeclarations.get(...)' as it is undefined.
    at rebuildVarRule (chrome-extension://eimadpbcbfnmbkopoojfekhnkhdbieeh/inject/index.js:5801:24)
    at chrome-extension://eimadpbcbfnmbkopoojfekhnkhdbieeh/inject/index.js:5697:29
    at callback (chrome-extension://eimadpbcbfnmbkopoojfekhnkhdbieeh/inject/index.js:4701:25)
    at chrome-extension://eimadpbcbfnmbkopoojfekhnkhdbieeh/inject/index.js:4879:44
    at Set.forEach (<anonymous>)
    at VariablesStore.setVarFilterType (chrome-extension://eimadpbcbfnmbkopoojfekhnkhdbieeh/inject/index.js:4879:22)
    at pushFilter (chrome-extension://eimadpbcbfnmbkopoojfekhnkhdbieeh/inject/index.js:4674:46)
    at getBgImageValue (chrome-extension://eimadpbcbfnmbkopoojfekhnkhdbieeh/inject/index.js:4303:37)
    at chrome-extension://eimadpbcbfnmbkopoojfekhnkhdbieeh/inject/index.js:4198:46
    at async Promise.all (index 0)
[   14744ms] TypeError: Cannot destructure property 'rule' of 'varDeclarations.get(...)' as it is undefined.
    at rebuildVarRule (chrome-extension://eimadpbcbfnmbkopoojfekhnkhdbieeh/inject/index.js:5801:24)
    at chrome-extension://eimadpbcbfnmbkopoojfekhnkhdbieeh/inject/index.js:5697:29
    at callback (chrome-extension://eimadpbcbfnmbkopoojfekhnkhdbieeh/inject/index.js:4701:25)
    at chrome-extension://eimadpbcbfnmbkopoojfekhnkhdbieeh/inject/index.js:4879:44
    at Set.forEach (<anonymous>)
    at VariablesStore.setVarFilterType (chrome-extension://eimadpbcbfnmbkopoojfekhnkhdbieeh/inject/index.js:4879:22)
    at pushFilter (chrome-extension://eimadpbcbfnmbkopoojfekhnkhdbieeh/inject/index.js:4674:46)
    at getBgImageValue (chrome-extension://eimadpbcbfnmbkopoojfekhnkhdbieeh/inject/index.js:4303:37)
    at chrome-extension://eimadpbcbfnmbkopoojfekhnkhdbieeh/inject/index.js:4198:46
    at async Promise.all (index 0)
[   14744ms] TypeError: Cannot destructure property 'rule' of 'varDeclarations.get(...)' as it is undefined.
    at rebuildVarRule (chrome-extension://eimadpbcbfnmbkopoojfekhnkhdbieeh/inject/index.js:5801:24)
    at chrome-extension://eimadpbcbfnmbkopoojfekhnkhdbieeh/inject/index.js:5697:29
    at callback (chrome-extension://eimadpbcbfnmbkopoojfekhnkhdbieeh/inject/index.js:4701:25)
    at chrome-extension://eimadpbcbfnmbkopoojfekhnkhdbieeh/inject/index.js:4879:44
    at Set.forEach (<anonymous>)
    at VariablesStore.setVarFilterType (chrome-extension://eimadpbcbfnmbkopoojfekhnkhdbieeh/inject/index.js:4879:22)
    at pushFilter (chrome-extension://eimadpbcbfnmbkopoojfekhnkhdbieeh/inject/index.js:4674:46)
    at getBgImageValue (chrome-extension://eimadpbcbfnmbkopoojfekhnkhdbieeh/inject/index.js:4303:37)
    at chrome-extension://eimadpbcbfnmbkopoojfekhnkhdbieeh/inject/index.js:4198:46
    at async Promise.all (index 0)
[   14744ms] TypeError: Cannot destructure property 'rule' of 'varDeclarations.get(...)' as it is undefined.
    at rebuildVarRule (chrome-extension://eimadpbcbfnmbkopoojfekhnkhdbieeh/inject/index.js:5801:24)
    at chrome-extension://eimadpbcbfnmbkopoojfekhnkhdbieeh/inject/index.js:5697:29
    at callback (chrome-extension://eimadpbcbfnmbkopoojfekhnkhdbieeh/inject/index.js:4701:25)
    at chrome-extension://eimadpbcbfnmbkopoojfekhnkhdbieeh/inject/index.js:4879:44
    at Set.forEach (<anonymous>)
    at VariablesStore.setVarFilterType (chrome-extension://eimadpbcbfnmbkopoojfekhnkhdbieeh/inject/index.js:4879:22)
    at pushFilter (chrome-extension://eimadpbcbfnmbkopoojfekhnkhdbieeh/inject/index.js:4674:46)
    at getBgImageValue (chrome-extension://eimadpbcbfnmbkopoojfekhnkhdbieeh/inject/index.js:4303:37)
    at chrome-extension://eimadpbcbfnmbkopoojfekhnkhdbieeh/inject/index.js:4198:46
    at async Promise.all (index 0)
[   14755ms] TypeError: Cannot destructure property 'rule' of 'varDeclarations.get(...)' as it is undefined.
    at rebuildVarRule (chrome-extension://eimadpbcbfnmbkopoojfekhnkhdbieeh/inject/index.js:5801:24)
    at chrome-extension://eimadpbcbfnmbkopoojfekhnkhdbieeh/inject/index.js:5697:29
    at callback (chrome-extension://eimadpbcbfnmbkopoojfekhnkhdbieeh/inject/index.js:4701:25)
    at chrome-extension://eimadpbcbfnmbkopoojfekhnkhdbieeh/inject/index.js:4879:44
    at Set.forEach (<anonymous>)
    at VariablesStore.setVarFilterType (chrome-extension://eimadpbcbfnmbkopoojfekhnkhdbieeh/inject/index.js:4879:22)
    at pushFilter (chrome-extension://eimadpbcbfnmbkopoojfekhnkhdbieeh/inject/index.js:4674:46)
    at getBgImageValue (chrome-extension://eimadpbcbfnmbkopoojfekhnkhdbieeh/inject/index.js:4303:37)
    at chrome-extension://eimadpbcbfnmbkopoojfekhnkhdbieeh/inject/index.js:4198:46
    at async Promise.all (index 0)
[   14761ms] TypeError: Cannot destructure property 'rule' of 'varDeclarations.get(...)' as it is undefined.
    at rebuildVarRule (chrome-extension://eimadpbcbfnmbkopoojfekhnkhdbieeh/inject/index.js:5801:24)
    at chrome-extension://eimadpbcbfnmbkopoojfekhnkhdbieeh/inject/index.js:5697:29
    at callback (chrome-extension://eimadpbcbfnmbkopoojfekhnkhdbieeh/inject/index.js:4701:25)
    at chrome-extension://eimadpbcbfnmbkopoojfekhnkhdbieeh/inject/index.js:4879:44
    at Set.forEach (<anonymous>)
    at VariablesStore.setVarFilterType (chrome-extension://eimadpbcbfnmbkopoojfekhnkhdbieeh/inject/index.js:4879:22)
    at pushFilter (chrome-extension://eimadpbcbfnmbkopoojfekhnkhdbieeh/inject/index.js:4674:46)
    at getBgImageValue (chrome-extension://eimadpbcbfnmbkopoojfekhnkhdbieeh/inject/index.js:4303:37)
    at chrome-extension://eimadpbcbfnmbkopoojfekhnkhdbieeh/inject/index.js:4198:46
    at async Promise.all (index 0)
[   14761ms] TypeError: Cannot destructure property 'rule' of 'varDeclarations.get(...)' as it is undefined.
    at rebuildVarRule (chrome-extension://eimadpbcbfnmbkopoojfekhnkhdbieeh/inject/index.js:5801:24)
    at chrome-extension://eimadpbcbfnmbkopoojfekhnkhdbieeh/inject/index.js:5697:29
    at callback (chrome-extension://eimadpbcbfnmbkopoojfekhnkhdbieeh/inject/index.js:4701:25)
    at chrome-extension://eimadpbcbfnmbkopoojfekhnkhdbieeh/inject/index.js:4879:44
    at Set.forEach (<anonymous>)
    at VariablesStore.setVarFilterType (chrome-extension://eimadpbcbfnmbkopoojfekhnkhdbieeh/inject/index.js:4879:22)
    at pushFilter (chrome-extension://eimadpbcbfnmbkopoojfekhnkhdbieeh/inject/index.js:4674:46)
    at getBgImageValue (chrome-extension://eimadpbcbfnmbkopoojfekhnkhdbieeh/inject/index.js:4303:37)
    at chrome-extension://eimadpbcbfnmbkopoojfekhnkhdbieeh/inject/index.js:4198:46
    at async Promise.all (index 0)
[   14761ms] TypeError: Cannot destructure property 'rule' of 'varDeclarations.get(...)' as it is undefined.
    at rebuildVarRule (chrome-extension://eimadpbcbfnmbkopoojfekhnkhdbieeh/inject/index.js:5801:24)
    at chrome-extension://eimadpbcbfnmbkopoojfekhnkhdbieeh/inject/index.js:5697:29
    at callback (chrome-extension://eimadpbcbfnmbkopoojfekhnkhdbieeh/inject/index.js:4701:25)
    at chrome-extension://eimadpbcbfnmbkopoojfekhnkhdbieeh/inject/index.js:4879:44
    at Set.forEach (<anonymous>)
    at VariablesStore.setVarFilterType (chrome-extension://eimadpbcbfnmbkopoojfekhnkhdbieeh/inject/index.js:4879:22)
    at pushFilter (chrome-extension://eimadpbcbfnmbkopoojfekhnkhdbieeh/inject/index.js:4674:46)
    at getBgImageValue (chrome-extension://eimadpbcbfnmbkopoojfekhnkhdbieeh/inject/index.js:4303:37)
    at chrome-extension://eimadpbcbfnmbkopoojfekhnkhdbieeh/inject/index.js:4198:46
    at async Promise.all (index 0)
[   14761ms] TypeError: Cannot destructure property 'rule' of 'varDeclarations.get(...)' as it is undefined.
    at rebuildVarRule (chrome-extension://eimadpbcbfnmbkopoojfekhnkhdbieeh/inject/index.js:5801:24)
    at chrome-extension://eimadpbcbfnmbkopoojfekhnkhdbieeh/inject/index.js:5697:29
    at callback (chrome-extension://eimadpbcbfnmbkopoojfekhnkhdbieeh/inject/index.js:4701:25)
    at chrome-extension://eimadpbcbfnmbkopoojfekhnkhdbieeh/inject/index.js:4879:44
    at Set.forEach (<anonymous>)
    at VariablesStore.setVarFilterType (chrome-extension://eimadpbcbfnmbkopoojfekhnkhdbieeh/inject/index.js:4879:22)
    at pushFilter (chrome-extension://eimadpbcbfnmbkopoojfekhnkhdbieeh/inject/index.js:4674:46)
    at getBgImageValue (chrome-extension://eimadpbcbfnmbkopoojfekhnkhdbieeh/inject/index.js:4303:37)
    at chrome-extension://eimadpbcbfnmbkopoojfekhnkhdbieeh/inject/index.js:4198:46
    at async Promise.all (index 0)
[   14761ms] TypeError: Cannot destructure property 'rule' of 'varDeclarations.get(...)' as it is undefined.
    at rebuildVarRule (chrome-extension://eimadpbcbfnmbkopoojfekhnkhdbieeh/inject/index.js:5801:24)
    at chrome-extension://eimadpbcbfnmbkopoojfekhnkhdbieeh/inject/index.js:5697:29
    at callback (chrome-extension://eimadpbcbfnmbkopoojfekhnkhdbieeh/inject/index.js:4701:25)
    at chrome-extension://eimadpbcbfnmbkopoojfekhnkhdbieeh/inject/index.js:4879:44
    at Set.forEach (<anonymous>)
    at VariablesStore.setVarFilterType (chrome-extension://eimadpbcbfnmbkopoojfekhnkhdbieeh/inject/index.js:4879:22)
    at pushFilter (chrome-extension://eimadpbcbfnmbkopoojfekhnkhdbieeh/inject/index.js:4674:46)
    at getBgImageValue (chrome-extension://eimadpbcbfnmbkopoojfekhnkhdbieeh/inject/index.js:4303:37)
    at chrome-extension://eimadpbcbfnmbkopoojfekhnkhdbieeh/inject/index.js:4198:46
    at async Promise.all (index 0)
[   14761ms] TypeError: Cannot destructure property 'rule' of 'varDeclarations.get(...)' as it is undefined.
    at rebuildVarRule (chrome-extension://eimadpbcbfnmbkopoojfekhnkhdbieeh/inject/index.js:5801:24)
    at chrome-extension://eimadpbcbfnmbkopoojfekhnkhdbieeh/inject/index.js:5697:29
    at callback (chrome-extension://eimadpbcbfnmbkopoojfekhnkhdbieeh/inject/index.js:4701:25)
    at chrome-extension://eimadpbcbfnmbkopoojfekhnkhdbieeh/inject/index.js:4879:44
    at Set.forEach (<anonymous>)
    at VariablesStore.setVarFilterType (chrome-extension://eimadpbcbfnmbkopoojfekhnkhdbieeh/inject/index.js:4879:22)
    at pushFilter (chrome-extension://eimadpbcbfnmbkopoojfekhnkhdbieeh/inject/index.js:4674:46)
    at getBgImageValue (chrome-extension://eimadpbcbfnmbkopoojfekhnkhdbieeh/inject/index.js:4303:37)
    at chrome-extension://eimadpbcbfnmbkopoojfekhnkhdbieeh/inject/index.js:4198:46
    at async Promise.all (index 0)
[   14762ms] TypeError: Cannot destructure property 'rule' of 'varDeclarations.get(...)' as it is undefined.
    at rebuildVarRule (chrome-extension://eimadpbcbfnmbkopoojfekhnkhdbieeh/inject/index.js:5801:24)
    at chrome-extension://eimadpbcbfnmbkopoojfekhnkhdbieeh/inject/index.js:5697:29
    at callback (chrome-extension://eimadpbcbfnmbkopoojfekhnkhdbieeh/inject/index.js:4701:25)
    at chrome-extension://eimadpbcbfnmbkopoojfekhnkhdbieeh/inject/index.js:4879:44
    at Set.forEach (<anonymous>)
    at VariablesStore.setVarFilterType (chrome-extension://eimadpbcbfnmbkopoojfekhnkhdbieeh/inject/index.js:4879:22)
    at pushFilter (chrome-extension://eimadpbcbfnmbkopoojfekhnkhdbieeh/inject/index.js:4674:46)
    at getBgImageValue (chrome-extension://eimadpbcbfnmbkopoojfekhnkhdbieeh/inject/index.js:4303:37)
    at chrome-extension://eimadpbcbfnmbkopoojfekhnkhdbieeh/inject/index.js:4198:46
    at async Promise.all (index 0)
[   14824ms] TypeError: Cannot destructure property 'rule' of 'varDeclarations.get(...)' as it is undefined.
    at rebuildVarRule (chrome-extension://eimadpbcbfnmbkopoojfekhnkhdbieeh/inject/index.js:5801:24)
    at chrome-extension://eimadpbcbfnmbkopoojfekhnkhdbieeh/inject/index.js:5697:29
    at callback (chrome-extension://eimadpbcbfnmbkopoojfekhnkhdbieeh/inject/index.js:4701:25)
    at chrome-extension://eimadpbcbfnmbkopoojfekhnkhdbieeh/inject/index.js:4879:44
    at Set.forEach (<anonymous>)
    at VariablesStore.setVarFilterType (chrome-extension://eimadpbcbfnmbkopoojfekhnkhdbieeh/inject/index.js:4879:22)
    at pushFilter (chrome-extension://eimadpbcbfnmbkopoojfekhnkhdbieeh/inject/index.js:4674:46)
    at getBgImageValue (chrome-extension://eimadpbcbfnmbkopoojfekhnkhdbieeh/inject/index.js:4303:37)
    at chrome-extension://eimadpbcbfnmbkopoojfekhnkhdbieeh/inject/index.js:4198:46
    at async Promise.all (index 0)
[   14832ms] TypeError: Cannot destructure property 'rule' of 'varDeclarations.get(...)' as it is undefined.
    at rebuildVarRule (chrome-extension://eimadpbcbfnmbkopoojfekhnkhdbieeh/inject/index.js:5801:24)
    at chrome-extension://eimadpbcbfnmbkopoojfekhnkhdbieeh/inject/index.js:5697:29
    at callback (chrome-extension://eimadpbcbfnmbkopoojfekhnkhdbieeh/inject/index.js:4701:25)
    at chrome-extension://eimadpbcbfnmbkopoojfekhnkhdbieeh/inject/index.js:4879:44
    at Set.forEach (<anonymous>)
    at VariablesStore.setVarFilterType (chrome-extension://eimadpbcbfnmbkopoojfekhnkhdbieeh/inject/index.js:4879:22)
    at pushFilter (chrome-extension://eimadpbcbfnmbkopoojfekhnkhdbieeh/inject/index.js:4674:46)
    at getBgImageValue (chrome-extension://eimadpbcbfnmbkopoojfekhnkhdbieeh/inject/index.js:4283:37)
    at chrome-extension://eimadpbcbfnmbkopoojfekhnkhdbieeh/inject/index.js:4198:46
    at async Promise.all (index 0)
[   14832ms] TypeError: Cannot destructure property 'rule' of 'varDeclarations.get(...)' as it is undefined.
    at rebuildVarRule (chrome-extension://eimadpbcbfnmbkopoojfekhnkhdbieeh/inject/index.js:5801:24)
    at chrome-extension://eimadpbcbfnmbkopoojfekhnkhdbieeh/inject/index.js:5697:29
    at callback (chrome-extension://eimadpbcbfnmbkopoojfekhnkhdbieeh/inject/index.js:4701:25)
    at chrome-extension://eimadpbcbfnmbkopoojfekhnkhdbieeh/inject/index.js:4879:44
    at Set.forEach (<anonymous>)
    at VariablesStore.setVarFilterType (chrome-extension://eimadpbcbfnmbkopoojfekhnkhdbieeh/inject/index.js:4879:22)
    at pushFilter (chrome-extension://eimadpbcbfnmbkopoojfekhnkhdbieeh/inject/index.js:4674:46)
    at getBgImageValue (chrome-extension://eimadpbcbfnmbkopoojfekhnkhdbieeh/inject/index.js:4283:37)
    at chrome-extension://eimadpbcbfnmbkopoojfekhnkhdbieeh/inject/index.js:4198:46
    at async Promise.all (index 0)
[   14832ms] TypeError: Cannot destructure property 'rule' of 'varDeclarations.get(...)' as it is undefined.
    at rebuildVarRule (chrome-extension://eimadpbcbfnmbkopoojfekhnkhdbieeh/inject/index.js:5801:24)
    at chrome-extension://eimadpbcbfnmbkopoojfekhnkhdbieeh/inject/index.js:5697:29
    at callback (chrome-extension://eimadpbcbfnmbkopoojfekhnkhdbieeh/inject/index.js:4701:25)
    at chrome-extension://eimadpbcbfnmbkopoojfekhnkhdbieeh/inject/index.js:4879:44
    at Set.forEach (<anonymous>)
    at VariablesStore.setVarFilterType (chrome-extension://eimadpbcbfnmbkopoojfekhnkhdbieeh/inject/index.js:4879:22)
    at pushFilter (chrome-extension://eimadpbcbfnmbkopoojfekhnkhdbieeh/inject/index.js:4674:46)
    at getBgImageValue (chrome-extension://eimadpbcbfnmbkopoojfekhnkhdbieeh/inject/index.js:4303:37)
    at chrome-extension://eimadpbcbfnmbkopoojfekhnkhdbieeh/inject/index.js:4198:46
    at async Promise.all (index 0)
[   14832ms] TypeError: Cannot destructure property 'rule' of 'varDeclarations.get(...)' as it is undefined.
    at rebuildVarRule (chrome-extension://eimadpbcbfnmbkopoojfekhnkhdbieeh/inject/index.js:5801:24)
    at chrome-extension://eimadpbcbfnmbkopoojfekhnkhdbieeh/inject/index.js:5697:29
    at callback (chrome-extension://eimadpbcbfnmbkopoojfekhnkhdbieeh/inject/index.js:4701:25)
    at chrome-extension://eimadpbcbfnmbkopoojfekhnkhdbieeh/inject/index.js:4879:44
    at Set.forEach (<anonymous>)
    at VariablesStore.setVarFilterType (chrome-extension://eimadpbcbfnmbkopoojfekhnkhdbieeh/inject/index.js:4879:22)
    at pushFilter (chrome-extension://eimadpbcbfnmbkopoojfekhnkhdbieeh/inject/index.js:4674:46)
    at getBgImageValue (chrome-extension://eimadpbcbfnmbkopoojfekhnkhdbieeh/inject/index.js:4303:37)
    at chrome-extension://eimadpbcbfnmbkopoojfekhnkhdbieeh/inject/index.js:4198:46
    at async Promise.all (index 0)
[   14832ms] TypeError: Cannot destructure property 'rule' of 'varDeclarations.get(...)' as it is undefined.
    at rebuildVarRule (chrome-extension://eimadpbcbfnmbkopoojfekhnkhdbieeh/inject/index.js:5801:24)
    at chrome-extension://eimadpbcbfnmbkopoojfekhnkhdbieeh/inject/index.js:5697:29
    at callback (chrome-extension://eimadpbcbfnmbkopoojfekhnkhdbieeh/inject/index.js:4701:25)
    at chrome-extension://eimadpbcbfnmbkopoojfekhnkhdbieeh/inject/index.js:4879:44
    at Set.forEach (<anonymous>)
    at VariablesStore.setVarFilterType (chrome-extension://eimadpbcbfnmbkopoojfekhnkhdbieeh/inject/index.js:4879:22)
    at pushFilter (chrome-extension://eimadpbcbfnmbkopoojfekhnkhdbieeh/inject/index.js:4674:46)
    at getBgImageValue (chrome-extension://eimadpbcbfnmbkopoojfekhnkhdbieeh/inject/index.js:4303:37)
    at chrome-extension://eimadpbcbfnmbkopoojfekhnkhdbieeh/inject/index.js:4198:46
    at async Promise.all (index 0)
[   14838ms] TypeError: Cannot destructure property 'rule' of 'varDeclarations.get(...)' as it is undefined.
    at rebuildVarRule (chrome-extension://eimadpbcbfnmbkopoojfekhnkhdbieeh/inject/index.js:5801:24)
    at chrome-extension://eimadpbcbfnmbkopoojfekhnkhdbieeh/inject/index.js:5697:29
    at callback (chrome-extension://eimadpbcbfnmbkopoojfekhnkhdbieeh/inject/index.js:4701:25)
    at chrome-extension://eimadpbcbfnmbkopoojfekhnkhdbieeh/inject/index.js:4879:44
    at Set.forEach (<anonymous>)
    at VariablesStore.setVarFilterType (chrome-extension://eimadpbcbfnmbkopoojfekhnkhdbieeh/inject/index.js:4879:22)
    at pushFilter (chrome-extension://eimadpbcbfnmbkopoojfekhnkhdbieeh/inject/index.js:4674:46)
    at getBgImageValue (chrome-extension://eimadpbcbfnmbkopoojfekhnkhdbieeh/inject/index.js:4303:37)
    at chrome-extension://eimadpbcbfnmbkopoojfekhnkhdbieeh/inject/index.js:4198:46
    at async Promise.all (index 0)
[   14838ms] TypeError: Cannot destructure property 'rule' of 'varDeclarations.get(...)' as it is undefined.
    at rebuildVarRule (chrome-extension://eimadpbcbfnmbkopoojfekhnkhdbieeh/inject/index.js:5801:24)
    at chrome-extension://eimadpbcbfnmbkopoojfekhnkhdbieeh/inject/index.js:5697:29
    at callback (chrome-extension://eimadpbcbfnmbkopoojfekhnkhdbieeh/inject/index.js:4701:25)
    at chrome-extension://eimadpbcbfnmbkopoojfekhnkhdbieeh/inject/index.js:4879:44
    at Set.forEach (<anonymous>)
    at VariablesStore.setVarFilterType (chrome-extension://eimadpbcbfnmbkopoojfekhnkhdbieeh/inject/index.js:4879:22)
    at pushFilter (chrome-extension://eimadpbcbfnmbkopoojfekhnkhdbieeh/inject/index.js:4674:46)
    at getBgImageValue (chrome-extension://eimadpbcbfnmbkopoojfekhnkhdbieeh/inject/index.js:4303:37)
    at chrome-extension://eimadpbcbfnmbkopoojfekhnkhdbieeh/inject/index.js:4198:46
    at async Promise.all (index 0)
[   14838ms] TypeError: Cannot destructure property 'rule' of 'varDeclarations.get(...)' as it is undefined.
    at rebuildVarRule (chrome-extension://eimadpbcbfnmbkopoojfekhnkhdbieeh/inject/index.js:5801:24)
    at chrome-extension://eimadpbcbfnmbkopoojfekhnkhdbieeh/inject/index.js:5697:29
    at callback (chrome-extension://eimadpbcbfnmbkopoojfekhnkhdbieeh/inject/index.js:4701:25)
    at chrome-extension://eimadpbcbfnmbkopoojfekhnkhdbieeh/inject/index.js:4879:44
    at Set.forEach (<anonymous>)
    at VariablesStore.setVarFilterType (chrome-extension://eimadpbcbfnmbkopoojfekhnkhdbieeh/inject/index.js:4879:22)
    at pushFilter (chrome-extension://eimadpbcbfnmbkopoojfekhnkhdbieeh/inject/index.js:4674:46)
    at getBgImageValue (chrome-extension://eimadpbcbfnmbkopoojfekhnkhdbieeh/inject/index.js:4303:37)
    at chrome-extension://eimadpbcbfnmbkopoojfekhnkhdbieeh/inject/index.js:4198:46
    at async Promise.all (index 0)
[   14838ms] TypeError: Cannot destructure property 'rule' of 'varDeclarations.get(...)' as it is undefined.
    at rebuildVarRule (chrome-extension://eimadpbcbfnmbkopoojfekhnkhdbieeh/inject/index.js:5801:24)
    at chrome-extension://eimadpbcbfnmbkopoojfekhnkhdbieeh/inject/index.js:5697:29
    at callback (chrome-extension://eimadpbcbfnmbkopoojfekhnkhdbieeh/inject/index.js:4701:25)
    at chrome-extension://eimadpbcbfnmbkopoojfekhnkhdbieeh/inject/index.js:4879:44
    at Set.forEach (<anonymous>)
    at VariablesStore.setVarFilterType (chrome-extension://eimadpbcbfnmbkopoojfekhnkhdbieeh/inject/index.js:4879:22)
    at pushFilter (chrome-extension://eimadpbcbfnmbkopoojfekhnkhdbieeh/inject/index.js:4674:46)
    at getBgImageValue (chrome-extension://eimadpbcbfnmbkopoojfekhnkhdbieeh/inject/index.js:4303:37)
    at chrome-extension://eimadpbcbfnmbkopoojfekhnkhdbieeh/inject/index.js:4198:46
    at async Promise.all (index 0)
[   14838ms] TypeError: Cannot destructure property 'rule' of 'varDeclarations.get(...)' as it is undefined.
    at rebuildVarRule (chrome-extension://eimadpbcbfnmbkopoojfekhnkhdbieeh/inject/index.js:5801:24)
    at chrome-extension://eimadpbcbfnmbkopoojfekhnkhdbieeh/inject/index.js:5697:29
    at callback (chrome-extension://eimadpbcbfnmbkopoojfekhnkhdbieeh/inject/index.js:4701:25)
    at chrome-extension://eimadpbcbfnmbkopoojfekhnkhdbieeh/inject/index.js:4879:44
    at Set.forEach (<anonymous>)
    at VariablesStore.setVarFilterType (chrome-extension://eimadpbcbfnmbkopoojfekhnkhdbieeh/inject/index.js:4879:22)
    at pushFilter (chrome-extension://eimadpbcbfnmbkopoojfekhnkhdbieeh/inject/index.js:4674:46)
    at getBgImageValue (chrome-extension://eimadpbcbfnmbkopoojfekhnkhdbieeh/inject/index.js:4303:37)
    at chrome-extension://eimadpbcbfnmbkopoojfekhnkhdbieeh/inject/index.js:4198:46
    at async Promise.all (index 0)
[   14838ms] TypeError: Cannot destructure property 'rule' of 'varDeclarations.get(...)' as it is undefined.
    at rebuildVarRule (chrome-extension://eimadpbcbfnmbkopoojfekhnkhdbieeh/inject/index.js:5801:24)
    at chrome-extension://eimadpbcbfnmbkopoojfekhnkhdbieeh/inject/index.js:5697:29
    at callback (chrome-extension://eimadpbcbfnmbkopoojfekhnkhdbieeh/inject/index.js:4701:25)
    at chrome-extension://eimadpbcbfnmbkopoojfekhnkhdbieeh/inject/index.js:4879:44
    at Set.forEach (<anonymous>)
    at VariablesStore.setVarFilterType (chrome-extension://eimadpbcbfnmbkopoojfekhnkhdbieeh/inject/index.js:4879:22)
    at pushFilter (chrome-extension://eimadpbcbfnmbkopoojfekhnkhdbieeh/inject/index.js:4674:46)
    at getBgImageValue (chrome-extension://eimadpbcbfnmbkopoojfekhnkhdbieeh/inject/index.js:4283:37)
    at chrome-extension://eimadpbcbfnmbkopoojfekhnkhdbieeh/inject/index.js:4198:46
    at async Promise.all (index 0)
[   14839ms] TypeError: Cannot destructure property 'rule' of 'varDeclarations.get(...)' as it is undefined.
    at rebuildVarRule (chrome-extension://eimadpbcbfnmbkopoojfekhnkhdbieeh/inject/index.js:5801:24)
    at chrome-extension://eimadpbcbfnmbkopoojfekhnkhdbieeh/inject/index.js:5697:29
    at callback (chrome-extension://eimadpbcbfnmbkopoojfekhnkhdbieeh/inject/index.js:4701:25)
    at chrome-extension://eimadpbcbfnmbkopoojfekhnkhdbieeh/inject/index.js:4879:44
    at Set.forEach (<anonymous>)
    at VariablesStore.setVarFilterType (chrome-extension://eimadpbcbfnmbkopoojfekhnkhdbieeh/inject/index.js:4879:22)
    at pushFilter (chrome-extension://eimadpbcbfnmbkopoojfekhnkhdbieeh/inject/index.js:4674:46)
    at getBgImageValue (chrome-extension://eimadpbcbfnmbkopoojfekhnkhdbieeh/inject/index.js:4283:37)
    at chrome-extension://eimadpbcbfnmbkopoojfekhnkhdbieeh/inject/index.js:4198:46
    at async Promise.all (index 0)
[   14839ms] TypeError: Cannot destructure property 'rule' of 'varDeclarations.get(...)' as it is undefined.
    at rebuildVarRule (chrome-extension://eimadpbcbfnmbkopoojfekhnkhdbieeh/inject/index.js:5801:24)
    at chrome-extension://eimadpbcbfnmbkopoojfekhnkhdbieeh/inject/index.js:5697:29
    at callback (chrome-extension://eimadpbcbfnmbkopoojfekhnkhdbieeh/inject/index.js:4701:25)
    at chrome-extension://eimadpbcbfnmbkopoojfekhnkhdbieeh/inject/index.js:4879:44
    at Set.forEach (<anonymous>)
    at VariablesStore.setVarFilterType (chrome-extension://eimadpbcbfnmbkopoojfekhnkhdbieeh/inject/index.js:4879:22)
    at pushFilter (chrome-extension://eimadpbcbfnmbkopoojfekhnkhdbieeh/inject/index.js:4674:46)
    at getBgImageValue (chrome-extension://eimadpbcbfnmbkopoojfekhnkhdbieeh/inject/index.js:4303:37)
    at chrome-extension://eimadpbcbfnmbkopoojfekhnkhdbieeh/inject/index.js:4198:46
    at async Promise.all (index 0)
[   14856ms] TypeError: Cannot destructure property 'rule' of 'varDeclarations.get(...)' as it is undefined.
    at rebuildVarRule (chrome-extension://eimadpbcbfnmbkopoojfekhnkhdbieeh/inject/index.js:5801:24)
    at chrome-extension://eimadpbcbfnmbkopoojfekhnkhdbieeh/inject/index.js:5697:29
    at callback (chrome-extension://eimadpbcbfnmbkopoojfekhnkhdbieeh/inject/index.js:4701:25)
    at chrome-extension://eimadpbcbfnmbkopoojfekhnkhdbieeh/inject/index.js:4879:44
    at Set.forEach (<anonymous>)
    at VariablesStore.setVarFilterType (chrome-extension://eimadpbcbfnmbkopoojfekhnkhdbieeh/inject/index.js:4879:22)
    at pushFilter (chrome-extension://eimadpbcbfnmbkopoojfekhnkhdbieeh/inject/index.js:4674:46)
    at getBgImageValue (chrome-extension://eimadpbcbfnmbkopoojfekhnkhdbieeh/inject/index.js:4283:37)
    at chrome-extension://eimadpbcbfnmbkopoojfekhnkhdbieeh/inject/index.js:4198:46
    at async Promise.all (index 0)
[   14861ms] TypeError: Cannot destructure property 'rule' of 'varDeclarations.get(...)' as it is undefined.
    at rebuildVarRule (chrome-extension://eimadpbcbfnmbkopoojfekhnkhdbieeh/inject/index.js:5801:24)
    at chrome-extension://eimadpbcbfnmbkopoojfekhnkhdbieeh/inject/index.js:5697:29
    at callback (chrome-extension://eimadpbcbfnmbkopoojfekhnkhdbieeh/inject/index.js:4701:25)
    at chrome-extension://eimadpbcbfnmbkopoojfekhnkhdbieeh/inject/index.js:4879:44
    at Set.forEach (<anonymous>)
    at VariablesStore.setVarFilterType (chrome-extension://eimadpbcbfnmbkopoojfekhnkhdbieeh/inject/index.js:4879:22)
    at pushFilter (chrome-extension://eimadpbcbfnmbkopoojfekhnkhdbieeh/inject/index.js:4674:46)
    at getBgImageValue (chrome-extension://eimadpbcbfnmbkopoojfekhnkhdbieeh/inject/index.js:4303:37)
    at chrome-extension://eimadpbcbfnmbkopoojfekhnkhdbieeh/inject/index.js:4198:46
    at async Promise.all (index 0)
[   14867ms] TypeError: Cannot destructure property 'rule' of 'varDeclarations.get(...)' as it is undefined.
    at rebuildVarRule (chrome-extension://eimadpbcbfnmbkopoojfekhnkhdbieeh/inject/index.js:5801:24)
    at chrome-extension://eimadpbcbfnmbkopoojfekhnkhdbieeh/inject/index.js:5697:29
    at callback (chrome-extension://eimadpbcbfnmbkopoojfekhnkhdbieeh/inject/index.js:4701:25)
    at chrome-extension://eimadpbcbfnmbkopoojfekhnkhdbieeh/inject/index.js:4879:44
    at Set.forEach (<anonymous>)
    at VariablesStore.setVarFilterType (chrome-extension://eimadpbcbfnmbkopoojfekhnkhdbieeh/inject/index.js:4879:22)
    at pushFilter (chrome-extension://eimadpbcbfnmbkopoojfekhnkhdbieeh/inject/index.js:4674:46)
    at getBgImageValue (chrome-extension://eimadpbcbfnmbkopoojfekhnkhdbieeh/inject/index.js:4303:37)
    at chrome-extension://eimadpbcbfnmbkopoojfekhnkhdbieeh/inject/index.js:4198:46
    at async Promise.all (index 0)
[   15288ms] TypeError: Cannot destructure property 'rule' of 'varDeclarations.get(...)' as it is undefined.
    at rebuildVarRule (chrome-extension://eimadpbcbfnmbkopoojfekhnkhdbieeh/inject/index.js:5801:24)
    at chrome-extension://eimadpbcbfnmbkopoojfekhnkhdbieeh/inject/index.js:5697:29
    at callback (chrome-extension://eimadpbcbfnmbkopoojfekhnkhdbieeh/inject/index.js:4701:25)
    at chrome-extension://eimadpbcbfnmbkopoojfekhnkhdbieeh/inject/index.js:4879:44
    at Set.forEach (<anonymous>)
    at VariablesStore.setVarFilterType (chrome-extension://eimadpbcbfnmbkopoojfekhnkhdbieeh/inject/index.js:4879:22)
    at pushFilter (chrome-extension://eimadpbcbfnmbkopoojfekhnkhdbieeh/inject/index.js:4674:46)
    at getBgImageValue (chrome-extension://eimadpbcbfnmbkopoojfekhnkhdbieeh/inject/index.js:4303:37)
    at chrome-extension://eimadpbcbfnmbkopoojfekhnkhdbieeh/inject/index.js:4198:46
    at async Promise.all (index 0)
[   15288ms] TypeError: Cannot destructure property 'rule' of 'varDeclarations.get(...)' as it is undefined.
    at rebuildVarRule (chrome-extension://eimadpbcbfnmbkopoojfekhnkhdbieeh/inject/index.js:5801:24)
    at chrome-extension://eimadpbcbfnmbkopoojfekhnkhdbieeh/inject/index.js:5697:29
    at callback (chrome-extension://eimadpbcbfnmbkopoojfekhnkhdbieeh/inject/index.js:4701:25)
    at chrome-extension://eimadpbcbfnmbkopoojfekhnkhdbieeh/inject/index.js:4879:44
    at Set.forEach (<anonymous>)
    at VariablesStore.setVarFilterType (chrome-extension://eimadpbcbfnmbkopoojfekhnkhdbieeh/inject/index.js:4879:22)
    at pushFilter (chrome-extension://eimadpbcbfnmbkopoojfekhnkhdbieeh/inject/index.js:4674:46)
    at getBgImageValue (chrome-extension://eimadpbcbfnmbkopoojfekhnkhdbieeh/inject/index.js:4283:37)
    at chrome-extension://eimadpbcbfnmbkopoojfekhnkhdbieeh/inject/index.js:4198:46
    at async Promise.all (index 0)
[   15289ms] TypeError: Cannot destructure property 'rule' of 'varDeclarations.get(...)' as it is undefined.
    at rebuildVarRule (chrome-extension://eimadpbcbfnmbkopoojfekhnkhdbieeh/inject/index.js:5801:24)
    at chrome-extension://eimadpbcbfnmbkopoojfekhnkhdbieeh/inject/index.js:5697:29
    at callback (chrome-extension://eimadpbcbfnmbkopoojfekhnkhdbieeh/inject/index.js:4701:25)
    at chrome-extension://eimadpbcbfnmbkopoojfekhnkhdbieeh/inject/index.js:4879:44
    at Set.forEach (<anonymous>)
    at VariablesStore.setVarFilterType (chrome-extension://eimadpbcbfnmbkopoojfekhnkhdbieeh/inject/index.js:4879:22)
    at pushFilter (chrome-extension://eimadpbcbfnmbkopoojfekhnkhdbieeh/inject/index.js:4674:46)
    at getBgImageValue (chrome-extension://eimadpbcbfnmbkopoojfekhnkhdbieeh/inject/index.js:4283:37)
    at chrome-extension://eimadpbcbfnmbkopoojfekhnkhdbieeh/inject/index.js:4198:46
    at async Promise.all (index 0)
[   15289ms] TypeError: Cannot destructure property 'rule' of 'varDeclarations.get(...)' as it is undefined.
    at rebuildVarRule (chrome-extension://eimadpbcbfnmbkopoojfekhnkhdbieeh/inject/index.js:5801:24)
    at chrome-extension://eimadpbcbfnmbkopoojfekhnkhdbieeh/inject/index.js:5697:29
    at callback (chrome-extension://eimadpbcbfnmbkopoojfekhnkhdbieeh/inject/index.js:4701:25)
    at chrome-extension://eimadpbcbfnmbkopoojfekhnkhdbieeh/inject/index.js:4879:44
    at Set.forEach (<anonymous>)
    at VariablesStore.setVarFilterType (chrome-extension://eimadpbcbfnmbkopoojfekhnkhdbieeh/inject/index.js:4879:22)
    at pushFilter (chrome-extension://eimadpbcbfnmbkopoojfekhnkhdbieeh/inject/index.js:4674:46)
    at getBgImageValue (chrome-extension://eimadpbcbfnmbkopoojfekhnkhdbieeh/inject/index.js:4303:37)
    at chrome-extension://eimadpbcbfnmbkopoojfekhnkhdbieeh/inject/index.js:4198:46
    at async Promise.all (index 0)
[   15411ms] [WARNING] Attribute 'exception.tags' of type 'object' could not be converted to a proto attribute. @ https://static.licdn.com/aero-v1/sc/h/assets/CwzDKlQg.js:2
[   15411ms] [WARNING] Attribute 'exception.tags' of type 'object' could not be converted to a proto attribute. @ https://static.licdn.com/aero-v1/sc/h/assets/CwzDKlQg.js:2
[   15596ms] A listener indicated an asynchronous response by returning true, but the message channel closed before a response was received
[   15599ms] A listener indicated an asynchronous response by returning true, but the message channel closed before a response was received
[   15613ms] A listener indicated an asynchronous response by returning true, but the message channel closed before a response was received
[   15613ms] A listener indicated an asynchronous response by returning true, but the message channel closed before a response was received
[   15619ms] A listener indicated an asynchronous response by returning true, but the message channel closed before a response was received
[   15619ms] A listener indicated an asynchronous response by returning true, but the message channel closed before a response was received
[   15619ms] A listener indicated an asynchronous response by returning true, but the message channel closed before a response was received
[   15619ms] A listener indicated an asynchronous response by returning true, but the message channel closed before a response was received
[   15619ms] A listener indicated an asynchronous response by returning true, but the message channel closed before a response was received
[   15620ms] A listener indicated an asynchronous response by returning true, but the message channel closed before a response was received
[   15647ms] A listener indicated an asynchronous response by returning true, but the message channel closed before a response was received
[   15648ms] A listener indicated an asynchronous response by returning true, but the message channel closed before a response was received
[   15648ms] A listener indicated an asynchronous response by returning true, but the message channel closed before a response was received
[   15648ms] A listener indicated an asynchronous response by returning true, but the message channel closed before a response was received
[   15648ms] A listener indicated an asynchronous response by returning true, but the message channel closed before a response was received
[   15648ms] A listener indicated an asynchronous response by returning true, but the message channel closed before a response was received
[   15648ms] A listener indicated an asynchronous response by returning true, but the message channel closed before a response was received
[   15653ms] A listener indicated an asynchronous response by returning true, but the message channel closed before a response was received
[   15653ms] A listener indicated an asynchronous response by returning true, but the message channel closed before a response was received
[   15653ms] TypeError: Cannot destructure property 'rule' of 'varDeclarations.get(...)' as it is undefined.
    at rebuildVarRule (chrome-extension://eimadpbcbfnmbkopoojfekhnkhdbieeh/inject/index.js:5801:24)
    at chrome-extension://eimadpbcbfnmbkopoojfekhnkhdbieeh/inject/index.js:5697:29
    at callback (chrome-extension://eimadpbcbfnmbkopoojfekhnkhdbieeh/inject/index.js:4701:25)
    at chrome-extension://eimadpbcbfnmbkopoojfekhnkhdbieeh/inject/index.js:4879:44
    at Set.forEach (<anonymous>)
    at VariablesStore.setVarFilterType (chrome-extension://eimadpbcbfnmbkopoojfekhnkhdbieeh/inject/index.js:4879:22)
    at pushFilter (chrome-extension://eimadpbcbfnmbkopoojfekhnkhdbieeh/inject/index.js:4674:46)
    at getBgImageValue (chrome-extension://eimadpbcbfnmbkopoojfekhnkhdbieeh/inject/index.js:4303:37)
    at chrome-extension://eimadpbcbfnmbkopoojfekhnkhdbieeh/inject/index.js:4198:46
    at async Promise.all (index 0)
[   15653ms] A listener indicated an asynchronous response by returning true, but the message channel closed before a response was received
[   15653ms] A listener indicated an asynchronous response by returning true, but the message channel closed before a response was received
[   15654ms] A listener indicated an asynchronous response by returning true, but the message channel closed before a response was received
[   15654ms] A listener indicated an asynchronous response by returning true, but the message channel closed before a response was received
[   15654ms] A listener indicated an asynchronous response by returning true, but the message channel closed before a response was received
[   15654ms] A listener indicated an asynchronous response by returning true, but the message channel closed before a response was received
[   15654ms] A listener indicated an asynchronous response by returning true, but the message channel closed before a response was received
[   15654ms] A listener indicated an asynchronous response by returning true, but the message channel closed before a response was received
[   15654ms] A listener indicated an asynchronous response by returning true, but the message channel closed before a response was received
[   15655ms] A listener indicated an asynchronous response by returning true, but the message channel closed before a response was received
[   15655ms] A listener indicated an asynchronous response by returning true, but the message channel closed before a response was received
[   15655ms] A listener indicated an asynchronous response by returning true, but the message channel closed before a response was received
[   15655ms] A listener indicated an asynchronous response by returning true, but the message channel closed before a response was received
[   15655ms] A listener indicated an asynchronous response by returning true, but the message channel closed before a response was received
[   15655ms] A listener indicated an asynchronous response by returning true, but the message channel closed before a response was received
[   15655ms] A listener indicated an asynchronous response by returning true, but the message channel closed before a response was received
[   15655ms] A listener indicated an asynchronous response by returning true, but the message channel closed before a response was received
[   15656ms] A listener indicated an asynchronous response by returning true, but the message channel closed before a response was received
[   15656ms] A listener indicated an asynchronous response by returning true, but the message channel closed before a response was received
[   15656ms] A listener indicated an asynchronous response by returning true, but the message channel closed before a response was received
[   15656ms] A listener indicated an asynchronous response by returning true, but the message channel closed before a response was received
[   15656ms] A listener indicated an asynchronous response by returning true, but the message channel closed before a response was received
[   15656ms] A listener indicated an asynchronous response by returning true, but the message channel closed before a response was received
[   15656ms] A listener indicated an asynchronous response by returning true, but the message channel closed before a response was received
[   15656ms] A listener indicated an asynchronous response by returning true, but the message channel closed before a response was received
[   15657ms] A listener indicated an asynchronous response by returning true, but the message channel closed before a response was received
[   15657ms] A listener indicated an asynchronous response by returning true, but the message channel closed before a response was received
[   15657ms] A listener indicated an asynchronous response by returning true, but the message channel closed before a response was received
[   15657ms] A listener indicated an asynchronous response by returning true, but the message channel closed before a response was received
[   15657ms] A listener indicated an asynchronous response by returning true, but the message channel closed before a response was received
[   15657ms] A listener indicated an asynchronous response by returning true, but the message channel closed before a response was received
[   15658ms] A listener indicated an asynchronous response by returning true, but the message channel closed before a response was received
[   15658ms] A listener indicated an asynchronous response by returning true, but the message channel closed before a response was received
[   15658ms] A listener indicated an asynchronous response by returning true, but the message channel closed before a response was received
[   15658ms] A listener indicated an asynchronous response by returning true, but the message channel closed before a response was received
[   15658ms] A listener indicated an asynchronous response by returning true, but the message channel closed before a response was received
[   15660ms] A listener indicated an asynchronous response by returning true, but the message channel closed before a response was received
[   15661ms] A listener indicated an asynchronous response by returning true, but the message channel closed before a response was received
[   15661ms] A listener indicated an asynchronous response by returning true, but the message channel closed before a response was received
[   15661ms] A listener indicated an asynchronous response by returning true, but the message channel closed before a response was received
[   15661ms] A listener indicated an asynchronous response by returning true, but the message channel closed before a response was received
[   15666ms] A listener indicated an asynchronous response by returning true, but the message channel closed before a response was received
[   15666ms] A listener indicated an asynchronous response by returning true, but the message channel closed before a response was received
[   15667ms] A listener indicated an asynchronous response by returning true, but the message channel closed before a response was received
[   15667ms] A listener indicated an asynchronous response by returning true, but the message channel closed before a response was received
[   15667ms] A listener indicated an asynchronous response by returning true, but the message channel closed before a response was received
[   15667ms] A listener indicated an asynchronous response by returning true, but the message channel closed before a response was received
[   15667ms] A listener indicated an asynchronous response by returning true, but the message channel closed before a response was received
[   15673ms] A listener indicated an asynchronous response by returning true, but the message channel closed before a response was received
[   15673ms] A listener indicated an asynchronous response by returning true, but the message channel closed before a response was received
[   15673ms] A listener indicated an asynchronous response by returning true, but the message channel closed before a response was received
[   15674ms] A listener indicated an asynchronous response by returning true, but the message channel closed before a response was received
[   15678ms] A listener indicated an asynchronous response by returning true, but the message channel closed before a response was received
[   15678ms] A listener indicated an asynchronous response by returning true, but the message channel closed before a response was received
[   15678ms] A listener indicated an asynchronous response by returning true, but the message channel closed before a response was received
[   15678ms] A listener indicated an asynchronous response by returning true, but the message channel closed before a response was received
[   15678ms] A listener indicated an asynchronous response by returning true, but the message channel closed before a response was received
[   15678ms] A listener indicated an asynchronous response by returning true, but the message channel closed before a response was received
[   15679ms] A listener indicated an asynchronous response by returning true, but the message channel closed before a response was received
[   15679ms] A listener indicated an asynchronous response by returning true, but the message channel closed before a response was received
[   15682ms] A listener indicated an asynchronous response by returning true, but the message channel closed before a response was received
[   15682ms] A listener indicated an asynchronous response by returning true, but the message channel closed before a response was received
[   15682ms] A listener indicated an asynchronous response by returning true, but the message channel closed before a response was received
[   15682ms] A listener indicated an asynchronous response by returning true, but the message channel closed before a response was received
[   15683ms] A listener indicated an asynchronous response by returning true, but the message channel closed before a response was received
[   15683ms] A listener indicated an asynchronous response by returning true, but the message channel closed before a response was received
[   15687ms] A listener indicated an asynchronous response by returning true, but the message channel closed before a response was received
[   15688ms] A listener indicated an asynchronous response by returning true, but the message channel closed before a response was received
[   15688ms] A listener indicated an asynchronous response by returning true, but the message channel closed before a response was received
[   15688ms] A listener indicated an asynchronous response by returning true, but the message channel closed before a response was received
[   15688ms] A listener indicated an asynchronous response by returning true, but the message channel closed before a response was received
[   15691ms] A listener indicated an asynchronous response by returning true, but the message channel closed before a response was received
[   15691ms] A listener indicated an asynchronous response by returning true, but the message channel closed before a response was received
[   15692ms] A listener indicated an asynchronous response by returning true, but the message channel closed before a response was received
[   15692ms] A listener indicated an asynchronous response by returning true, but the message channel closed before a response was received
[   15692ms] A listener indicated an asynchronous response by returning true, but the message channel closed before a response was received
[   15692ms] A listener indicated an asynchronous response by returning true, but the message channel closed before a response was received
[   15692ms] A listener indicated an asynchronous response by returning true, but the message channel closed before a response was received
[   15697ms] A listener indicated an asynchronous response by returning true, but the message channel closed before a response was received
[   15697ms] A listener indicated an asynchronous response by returning true, but the message channel closed before a response was received
[   15697ms] A listener indicated an asynchronous response by returning true, but the message channel closed before a response was received
[   15697ms] A listener indicated an asynchronous response by returning true, but the message channel closed before a response was received
[   15697ms] A listener indicated an asynchronous response by returning true, but the message channel closed before a response was received
[   15697ms] A listener indicated an asynchronous response by returning true, but the message channel closed before a response was received
[   15697ms] A listener indicated an asynchronous response by returning true, but the message channel closed before a response was received
[   15702ms] A listener indicated an asynchronous response by returning true, but the message channel closed before a response was received
[   15702ms] A listener indicated an asynchronous response by returning true, but the message channel closed before a response was received
[   15702ms] A listener indicated an asynchronous response by returning true, but the message channel closed before a response was received
[   15702ms] A listener indicated an asynchronous response by returning true, but the message channel closed before a response was received
[   15702ms] A listener indicated an asynchronous response by returning true, but the message channel closed before a response was received
[   15703ms] A listener indicated an asynchronous response by returning true, but the message channel closed before a response was received
[   15703ms] A listener indicated an asynchronous response by returning true, but the message channel closed before a response was received
[   15707ms] A listener indicated an asynchronous response by returning true, but the message channel closed before a response was received
[   15707ms] A listener indicated an asynchronous response by returning true, but the message channel closed before a response was received
[   15707ms] A listener indicated an asynchronous response by returning true, but the message channel closed before a response was received
[   15707ms] A listener indicated an asynchronous response by returning true, but the message channel closed before a response was received
[   15708ms] A listener indicated an asynchronous response by returning true, but the message channel closed before a response was received
[   15708ms] A listener indicated an asynchronous response by returning true, but the message channel closed before a response was received
[   15708ms] A listener indicated an asynchronous response by returning true, but the message channel closed before a response was received
[   15708ms] A listener indicated an asynchronous response by returning true, but the message channel closed before a response was received
[   15712ms] A listener indicated an asynchronous response by returning true, but the message channel closed before a response was received
[   15712ms] A listener indicated an asynchronous response by returning true, but the message channel closed before a response was received
[   15712ms] A listener indicated an asynchronous response by returning true, but the message channel closed before a response was received
[   15712ms] A listener indicated an asynchronous response by returning true, but the message channel closed before a response was received
[   15712ms] A listener indicated an asynchronous response by returning true, but the message channel closed before a response was received
[   15742ms] A listener indicated an asynchronous response by returning true, but the message channel closed before a response was received
[   15751ms] A listener indicated an asynchronous response by returning true, but the message channel closed before a response was received
[   15751ms] A listener indicated an asynchronous response by returning true, but the message channel closed before a response was received
[   15752ms] A listener indicated an asynchronous response by returning true, but the message channel closed before a response was received
[   15752ms] A listener indicated an asynchronous response by returning true, but the message channel closed before a response was received
[   15752ms] A listener indicated an asynchronous response by returning true, but the message channel closed before a response was received
[   15752ms] A listener indicated an asynchronous response by returning true, but the message channel closed before a response was received
[   15752ms] A listener indicated an asynchronous response by returning true, but the message channel closed before a response was received
[   15752ms] A listener indicated an asynchronous response by returning true, but the message channel closed before a response was received
[   15752ms] A listener indicated an asynchronous response by returning true, but the message channel closed before a response was received
[   15752ms] A listener indicated an asynchronous response by returning true, but the message channel closed before a response was received
[   15753ms] A listener indicated an asynchronous response by returning true, but the message channel closed before a response was received
[   15753ms] A listener indicated an asynchronous response by returning true, but the message channel closed before a response was received
[   15755ms] A listener indicated an asynchronous response by returning true, but the message channel closed before a response was received
[   15755ms] A listener indicated an asynchronous response by returning true, but the message channel closed before a response was received
[   15756ms] A listener indicated an asynchronous response by returning true, but the message channel closed before a response was received
[   15756ms] A listener indicated an asynchronous response by returning true, but the message channel closed before a response was received
[   15756ms] A listener indicated an asynchronous response by returning true, but the message channel closed before a response was received
[   15756ms] A listener indicated an asynchronous response by returning true, but the message channel closed before a response was received
[   15762ms] A listener indicated an asynchronous response by returning true, but the message channel closed before a response was received
[   15762ms] A listener indicated an asynchronous response by returning true, but the message channel closed before a response was received
[   15762ms] A listener indicated an asynchronous response by returning true, but the message channel closed before a response was received
[   15762ms] A listener indicated an asynchronous response by returning true, but the message channel closed before a response was received
[   15762ms] A listener indicated an asynchronous response by returning true, but the message channel closed before a response was received
[   15762ms] A listener indicated an asynchronous response by returning true, but the message channel closed before a response was received
[   15763ms] A listener indicated an asynchronous response by returning true, but the message channel closed before a response was received
[   15763ms] A listener indicated an asynchronous response by returning true, but the message channel closed before a response was received
[   15763ms] A listener indicated an asynchronous response by returning true, but the message channel closed before a response was received
[   15766ms] A listener indicated an asynchronous response by returning true, but the message channel closed before a response was received
[   15767ms] A listener indicated an asynchronous response by returning true, but the message channel closed before a response was received
[   15767ms] A listener indicated an asynchronous response by returning true, but the message channel closed before a response was received
[   15767ms] A listener indicated an asynchronous response by returning true, but the message channel closed before a response was received
[   15767ms] A listener indicated an asynchronous response by returning true, but the message channel closed before a response was received
[   15767ms] A listener indicated an asynchronous response by returning true, but the message channel closed before a response was received
[   15767ms] A listener indicated an asynchronous response by returning true, but the message channel closed before a response was received
[   15768ms] A listener indicated an asynchronous response by returning true, but the message channel closed before a response was received
[   15773ms] A listener indicated an asynchronous response by returning true, but the message channel closed before a response was received
[   15773ms] A listener indicated an asynchronous response by returning true, but the message channel closed before a response was received
[   15773ms] A listener indicated an asynchronous response by returning true, but the message channel closed before a response was received
[   15773ms] A listener indicated an asynchronous response by returning true, but the message channel closed before a response was received
[   15773ms] A listener indicated an asynchronous response by returning true, but the message channel closed before a response was received
[   15773ms] A listener indicated an asynchronous response by returning true, but the message channel closed before a response was received
[   15773ms] A listener indicated an asynchronous response by returning true, but the message channel closed before a response was received
[   15774ms] A listener indicated an asynchronous response by returning true, but the message channel closed before a response was received
[   15778ms] A listener indicated an asynchronous response by returning true, but the message channel closed before a response was received
[   15778ms] A listener indicated an asynchronous response by returning true, but the message channel closed before a response was received
[   15778ms] A listener indicated an asynchronous response by returning true, but the message channel closed before a response was received
[   15779ms] A listener indicated an asynchronous response by returning true, but the message channel closed before a response was received
[   15779ms] A listener indicated an asynchronous response by returning true, but the message channel closed before a response was received
[   15779ms] A listener indicated an asynchronous response by returning true, but the message channel closed before a response was received
[   15779ms] A listener indicated an asynchronous response by returning true, but the message channel closed before a response was received
[   15779ms] A listener indicated an asynchronous response by returning true, but the message channel closed before a response was received
[   15779ms] A listener indicated an asynchronous response by returning true, but the message channel closed before a response was received
[   15779ms] A listener indicated an asynchronous response by returning true, but the message channel closed before a response was received
[   15780ms] A listener indicated an asynchronous response by returning true, but the message channel closed before a response was received
[   15784ms] A listener indicated an asynchronous response by returning true, but the message channel closed before a response was received
[   15784ms] A listener indicated an asynchronous response by returning true, but the message channel closed before a response was received
[   15784ms] A listener indicated an asynchronous response by returning true, but the message channel closed before a response was received
[   15784ms] A listener indicated an asynchronous response by returning true, but the message channel closed before a response was received
[   15784ms] A listener indicated an asynchronous response by returning true, but the message channel closed before a response was received
[   15785ms] A listener indicated an asynchronous response by returning true, but the message channel closed before a response was received
[   15785ms] A listener indicated an asynchronous response by returning true, but the message channel closed before a response was received
[   15788ms] A listener indicated an asynchronous response by returning true, but the message channel closed before a response was received
[   15788ms] A listener indicated an asynchronous response by returning true, but the message channel closed before a response was received
[   15789ms] A listener indicated an asynchronous response by returning true, but the message channel closed before a response was received
[   15789ms] A listener indicated an asynchronous response by returning true, but the message channel closed before a response was received
[   15789ms] A listener indicated an asynchronous response by returning true, but the message channel closed before a response was received
[   15789ms] A listener indicated an asynchronous response by returning true, but the message channel closed before a response was received
[   15789ms] A listener indicated an asynchronous response by returning true, but the message channel closed before a response was received
[   15789ms] A listener indicated an asynchronous response by returning true, but the message channel closed before a response was received
[   15789ms] A listener indicated an asynchronous response by returning true, but the message channel closed before a response was received
[   15796ms] A listener indicated an asynchronous response by returning true, but the message channel closed before a response was received
[   15796ms] A listener indicated an asynchronous response by returning true, but the message channel closed before a response was received
[   15796ms] A listener indicated an asynchronous response by returning true, but the message channel closed before a response was received
[   15796ms] A listener indicated an asynchronous response by returning true, but the message channel closed before a response was received
[   15796ms] A listener indicated an asynchronous response by returning true, but the message channel closed before a response was received
[   15796ms] A listener indicated an asynchronous response by returning true, but the message channel closed before a response was received
[   15796ms] A listener indicated an asynchronous response by returning true, but the message channel closed before a response was received
[   15797ms] A listener indicated an asynchronous response by returning true, but the message channel closed before a response was received
[   15801ms] A listener indicated an asynchronous response by returning true, but the message channel closed before a response was received
[   15801ms] A listener indicated an asynchronous response by returning true, but the message channel closed before a response was received
[   15801ms] A listener indicated an asynchronous response by returning true, but the message channel closed before a response was received
[   15801ms] A listener indicated an asynchronous response by returning true, but the message channel closed before a response was received
[   15802ms] A listener indicated an asynchronous response by returning true, but the message channel closed before a response was received
[   15802ms] A listener indicated an asynchronous response by returning true, but the message channel closed before a response was received
[   15802ms] A listener indicated an asynchronous response by returning true, but the message channel closed before a response was received
[   15802ms] A listener indicated an asynchronous response by returning true, but the message channel closed before a response was received
[   15807ms] A listener indicated an asynchronous response by returning true, but the message channel closed before a response was received
[   15807ms] A listener indicated an asynchronous response by returning true, but the message channel closed before a response was received
[   15807ms] A listener indicated an asynchronous response by returning true, but the message channel closed before a response was received
[   15807ms] TypeError: Cannot destructure property 'rule' of 'varDeclarations.get(...)' as it is undefined.
    at rebuildVarRule (chrome-extension://eimadpbcbfnmbkopoojfekhnkhdbieeh/inject/index.js:5801:24)
    at chrome-extension://eimadpbcbfnmbkopoojfekhnkhdbieeh/inject/index.js:5697:29
    at callback (chrome-extension://eimadpbcbfnmbkopoojfekhnkhdbieeh/inject/index.js:4701:25)
    at chrome-extension://eimadpbcbfnmbkopoojfekhnkhdbieeh/inject/index.js:4879:44
    at Set.forEach (<anonymous>)
    at VariablesStore.setVarFilterType (chrome-extension://eimadpbcbfnmbkopoojfekhnkhdbieeh/inject/index.js:4879:22)
    at pushFilter (chrome-extension://eimadpbcbfnmbkopoojfekhnkhdbieeh/inject/index.js:4674:46)
    at getBgImageValue (chrome-extension://eimadpbcbfnmbkopoojfekhnkhdbieeh/inject/index.js:4303:37)
    at chrome-extension://eimadpbcbfnmbkopoojfekhnkhdbieeh/inject/index.js:4198:46
    at async Promise.all (index 0)
[   15807ms] TypeError: Cannot destructure property 'rule' of 'varDeclarations.get(...)' as it is undefined.
    at rebuildVarRule (chrome-extension://eimadpbcbfnmbkopoojfekhnkhdbieeh/inject/index.js:5801:24)
    at chrome-extension://eimadpbcbfnmbkopoojfekhnkhdbieeh/inject/index.js:5697:29
    at callback (chrome-extension://eimadpbcbfnmbkopoojfekhnkhdbieeh/inject/index.js:4701:25)
    at chrome-extension://eimadpbcbfnmbkopoojfekhnkhdbieeh/inject/index.js:4879:44
    at Set.forEach (<anonymous>)
    at VariablesStore.setVarFilterType (chrome-extension://eimadpbcbfnmbkopoojfekhnkhdbieeh/inject/index.js:4879:22)
    at pushFilter (chrome-extension://eimadpbcbfnmbkopoojfekhnkhdbieeh/inject/index.js:4674:46)
    at getBgImageValue (chrome-extension://eimadpbcbfnmbkopoojfekhnkhdbieeh/inject/index.js:4303:37)
    at chrome-extension://eimadpbcbfnmbkopoojfekhnkhdbieeh/inject/index.js:4198:46
    at async Promise.all (index 0)
[   15807ms] TypeError: Cannot destructure property 'rule' of 'varDeclarations.get(...)' as it is undefined.
    at rebuildVarRule (chrome-extension://eimadpbcbfnmbkopoojfekhnkhdbieeh/inject/index.js:5801:24)
    at chrome-extension://eimadpbcbfnmbkopoojfekhnkhdbieeh/inject/index.js:5697:29
    at callback (chrome-extension://eimadpbcbfnmbkopoojfekhnkhdbieeh/inject/index.js:4701:25)
    at chrome-extension://eimadpbcbfnmbkopoojfekhnkhdbieeh/inject/index.js:4879:44
    at Set.forEach (<anonymous>)
    at VariablesStore.setVarFilterType (chrome-extension://eimadpbcbfnmbkopoojfekhnkhdbieeh/inject/index.js:4879:22)
    at pushFilter (chrome-extension://eimadpbcbfnmbkopoojfekhnkhdbieeh/inject/index.js:4674:46)
    at getBgImageValue (chrome-extension://eimadpbcbfnmbkopoojfekhnkhdbieeh/inject/index.js:4303:37)
    at chrome-extension://eimadpbcbfnmbkopoojfekhnkhdbieeh/inject/index.js:4198:46
    at async Promise.all (index 0)
[   15812ms] A listener indicated an asynchronous response by returning true, but the message channel closed before a response was received
[   15812ms] A listener indicated an asynchronous response by returning true, but the message channel closed before a response was received
[   15812ms] A listener indicated an asynchronous response by returning true, but the message channel closed before a response was received
[   15812ms] A listener indicated an asynchronous response by returning true, but the message channel closed before a response was received
[   15813ms] A listener indicated an asynchronous response by returning true, but the message channel closed before a response was received
[   15813ms] A listener indicated an asynchronous response by returning true, but the message channel closed before a response was received
[   15813ms] A listener indicated an asynchronous response by returning true, but the message channel closed before a response was received
[   15813ms] A listener indicated an asynchronous response by returning true, but the message channel closed before a response was received
[   15816ms] A listener indicated an asynchronous response by returning true, but the message channel closed before a response was received
[   15817ms] A listener indicated an asynchronous response by returning true, but the message channel closed before a response was received
[   15817ms] A listener indicated an asynchronous response by returning true, but the message channel closed before a response was received
[   15817ms] A listener indicated an asynchronous response by returning true, but the message channel closed before a response was received
[   15817ms] A listener indicated an asynchronous response by returning true, but the message channel closed before a response was received
[   15817ms] A listener indicated an asynchronous response by returning true, but the message channel closed before a response was received
[   15817ms] A listener indicated an asynchronous response by returning true, but the message channel closed before a response was received
[   15818ms] A listener indicated an asynchronous response by returning true, but the message channel closed before a response was received
[   15818ms] A listener indicated an asynchronous response by returning true, but the message channel closed before a response was received
[   15820ms] A listener indicated an asynchronous response by returning true, but the message channel closed before a response was received
[   15820ms] A listener indicated an asynchronous response by returning true, but the message channel closed before a response was received
[   15820ms] A listener indicated an asynchronous response by returning true, but the message channel closed before a response was received
[   15820ms] A listener indicated an asynchronous response by returning true, but the message channel closed before a response was received
[   15823ms] A listener indicated an asynchronous response by returning true, but the message channel closed before a response was received
[   15823ms] A listener indicated an asynchronous response by returning true, but the message channel closed before a response was received
[   15823ms] A listener indicated an asynchronous response by returning true, but the message channel closed before a response was received
[   15824ms] A listener indicated an asynchronous response by returning true, but the message channel closed before a response was received
[   15824ms] A listener indicated an asynchronous response by returning true, but the message channel closed before a response was received
[   15830ms] A listener indicated an asynchronous response by returning true, but the message channel closed before a response was received
[   15830ms] A listener indicated an asynchronous response by returning true, but the message channel closed before a response was received
[   15830ms] A listener indicated an asynchronous response by returning true, but the message channel closed before a response was received
[   15830ms] A listener indicated an asynchronous response by returning true, but the message channel closed before a response was received
[   15830ms] A listener indicated an asynchronous response by returning true, but the message channel closed before a response was received
[   15831ms] A listener indicated an asynchronous response by returning true, but the message channel closed before a response was received
[   15831ms] A listener indicated an asynchronous response by returning true, but the message channel closed before a response was received
[   15837ms] A listener indicated an asynchronous response by returning true, but the message channel closed before a response was received
[   15837ms] A listener indicated an asynchronous response by returning true, but the message channel closed before a response was received
[   15837ms] A listener indicated an asynchronous response by returning true, but the message channel closed before a response was received
[   15837ms] A listener indicated an asynchronous response by returning true, but the message channel closed before a response was received
[   15837ms] A listener indicated an asynchronous response by returning true, but the message channel closed before a response was received
[   15838ms] A listener indicated an asynchronous response by returning true, but the message channel closed before a response was received
[   15838ms] A listener indicated an asynchronous response by returning true, but the message channel closed before a response was received
[   15838ms] A listener indicated an asynchronous response by returning true, but the message channel closed before a response was received
[   15838ms] A listener indicated an asynchronous response by returning true, but the message channel closed before a response was received
[   15840ms] A listener indicated an asynchronous response by returning true, but the message channel closed before a response was received
[   15840ms] A listener indicated an asynchronous response by returning true, but the message channel closed before a response was received
[   15841ms] A listener indicated an asynchronous response by returning true, but the message channel closed before a response was received
[   15841ms] A listener indicated an asynchronous response by returning true, but the message channel closed before a response was received
[   15841ms] A listener indicated an asynchronous response by returning true, but the message channel closed before a response was received
[   15841ms] A listener indicated an asynchronous response by returning true, but the message channel closed before a response was received
[   15841ms] A listener indicated an asynchronous response by returning true, but the message channel closed before a response was received
[   15841ms] A listener indicated an asynchronous response by returning true, but the message channel closed before a response was received
[   15841ms] A listener indicated an asynchronous response by returning true, but the message channel closed before a response was received
[   15846ms] A listener indicated an asynchronous response by returning true, but the message channel closed before a response was received
[   15857ms] A listener indicated an asynchronous response by returning true, but the message channel closed before a response was received
[   15860ms] A listener indicated an asynchronous response by returning true, but the message channel closed before a response was received
[   15860ms] A listener indicated an asynchronous response by returning true, but the message channel closed before a response was received
[   15860ms] A listener indicated an asynchronous response by returning true, but the message channel closed before a response was received
[   15864ms] A listener indicated an asynchronous response by returning true, but the message channel closed before a response was received
[   15865ms] A listener indicated an asynchronous response by returning true, but the message channel closed before a response was received
[   15865ms] A listener indicated an asynchronous response by returning true, but the message channel closed before a response was received
[   15865ms] A listener indicated an asynchronous response by returning true, but the message channel closed before a response was received
[   15880ms] TypeError: Cannot destructure property 'rule' of 'varDeclarations.get(...)' as it is undefined.
    at rebuildVarRule (chrome-extension://eimadpbcbfnmbkopoojfekhnkhdbieeh/inject/index.js:5801:24)
    at chrome-extension://eimadpbcbfnmbkopoojfekhnkhdbieeh/inject/index.js:5697:29
    at callback (chrome-extension://eimadpbcbfnmbkopoojfekhnkhdbieeh/inject/index.js:4701:25)
    at chrome-extension://eimadpbcbfnmbkopoojfekhnkhdbieeh/inject/index.js:4879:44
    at Set.forEach (<anonymous>)
    at VariablesStore.setVarFilterType (chrome-extension://eimadpbcbfnmbkopoojfekhnkhdbieeh/inject/index.js:4879:22)
    at pushFilter (chrome-extension://eimadpbcbfnmbkopoojfekhnkhdbieeh/inject/index.js:4674:46)
    at getBgImageValue (chrome-extension://eimadpbcbfnmbkopoojfekhnkhdbieeh/inject/index.js:4303:37)
    at chrome-extension://eimadpbcbfnmbkopoojfekhnkhdbieeh/inject/index.js:4198:46
    at async Promise.all (index 0)
[   15885ms] TypeError: Cannot destructure property 'rule' of 'varDeclarations.get(...)' as it is undefined.
    at rebuildVarRule (chrome-extension://eimadpbcbfnmbkopoojfekhnkhdbieeh/inject/index.js:5801:24)
    at chrome-extension://eimadpbcbfnmbkopoojfekhnkhdbieeh/inject/index.js:5697:29
    at callback (chrome-extension://eimadpbcbfnmbkopoojfekhnkhdbieeh/inject/index.js:4701:25)
    at chrome-extension://eimadpbcbfnmbkopoojfekhnkhdbieeh/inject/index.js:4879:44
    at Set.forEach (<anonymous>)
    at VariablesStore.setVarFilterType (chrome-extension://eimadpbcbfnmbkopoojfekhnkhdbieeh/inject/index.js:4879:22)
    at pushFilter (chrome-extension://eimadpbcbfnmbkopoojfekhnkhdbieeh/inject/index.js:4674:46)
    at getBgImageValue (chrome-extension://eimadpbcbfnmbkopoojfekhnkhdbieeh/inject/index.js:4303:37)
    at chrome-extension://eimadpbcbfnmbkopoojfekhnkhdbieeh/inject/index.js:4198:46
    at async Promise.all (index 0)
[   15886ms] TypeError: Cannot destructure property 'rule' of 'varDeclarations.get(...)' as it is undefined.
    at rebuildVarRule (chrome-extension://eimadpbcbfnmbkopoojfekhnkhdbieeh/inject/index.js:5801:24)
    at chrome-extension://eimadpbcbfnmbkopoojfekhnkhdbieeh/inject/index.js:5697:29
    at callback (chrome-extension://eimadpbcbfnmbkopoojfekhnkhdbieeh/inject/index.js:4701:25)
    at chrome-extension://eimadpbcbfnmbkopoojfekhnkhdbieeh/inject/index.js:4879:44
    at Set.forEach (<anonymous>)
    at VariablesStore.setVarFilterType (chrome-extension://eimadpbcbfnmbkopoojfekhnkhdbieeh/inject/index.js:4879:22)
    at pushFilter (chrome-extension://eimadpbcbfnmbkopoojfekhnkhdbieeh/inject/index.js:4674:46)
    at getBgImageValue (chrome-extension://eimadpbcbfnmbkopoojfekhnkhdbieeh/inject/index.js:4303:37)
    at chrome-extension://eimadpbcbfnmbkopoojfekhnkhdbieeh/inject/index.js:4198:46
    at async Promise.all (index 0)
[   15886ms] TypeError: Cannot destructure property 'rule' of 'varDeclarations.get(...)' as it is undefined.
    at rebuildVarRule (chrome-extension://eimadpbcbfnmbkopoojfekhnkhdbieeh/inject/index.js:5801:24)
    at chrome-extension://eimadpbcbfnmbkopoojfekhnkhdbieeh/inject/index.js:5697:29
    at callback (chrome-extension://eimadpbcbfnmbkopoojfekhnkhdbieeh/inject/index.js:4701:25)
    at chrome-extension://eimadpbcbfnmbkopoojfekhnkhdbieeh/inject/index.js:4879:44
    at Set.forEach (<anonymous>)
    at VariablesStore.setVarFilterType (chrome-extension://eimadpbcbfnmbkopoojfekhnkhdbieeh/inject/index.js:4879:22)
    at pushFilter (chrome-extension://eimadpbcbfnmbkopoojfekhnkhdbieeh/inject/index.js:4674:46)
    at getBgImageValue (chrome-extension://eimadpbcbfnmbkopoojfekhnkhdbieeh/inject/index.js:4303:37)
    at chrome-extension://eimadpbcbfnmbkopoojfekhnkhdbieeh/inject/index.js:4198:46
    at async Promise.all (index 0)
[   15886ms] TypeError: Cannot destructure property 'rule' of 'varDeclarations.get(...)' as it is undefined.
    at rebuildVarRule (chrome-extension://eimadpbcbfnmbkopoojfekhnkhdbieeh/inject/index.js:5801:24)
    at chrome-extension://eimadpbcbfnmbkopoojfekhnkhdbieeh/inject/index.js:5697:29
    at callback (chrome-extension://eimadpbcbfnmbkopoojfekhnkhdbieeh/inject/index.js:4701:25)
    at chrome-extension://eimadpbcbfnmbkopoojfekhnkhdbieeh/inject/index.js:4879:44
    at Set.forEach (<anonymous>)
    at VariablesStore.setVarFilterType (chrome-extension://eimadpbcbfnmbkopoojfekhnkhdbieeh/inject/index.js:4879:22)
    at pushFilter (chrome-extension://eimadpbcbfnmbkopoojfekhnkhdbieeh/inject/index.js:4674:46)
    at getBgImageValue (chrome-extension://eimadpbcbfnmbkopoojfekhnkhdbieeh/inject/index.js:4303:37)
    at chrome-extension://eimadpbcbfnmbkopoojfekhnkhdbieeh/inject/index.js:4198:46
    at async Promise.all (index 0)
[   15886ms] TypeError: Cannot destructure property 'rule' of 'varDeclarations.get(...)' as it is undefined.
    at rebuildVarRule (chrome-extension://eimadpbcbfnmbkopoojfekhnkhdbieeh/inject/index.js:5801:24)
    at chrome-extension://eimadpbcbfnmbkopoojfekhnkhdbieeh/inject/index.js:5697:29
    at callback (chrome-extension://eimadpbcbfnmbkopoojfekhnkhdbieeh/inject/index.js:4701:25)
    at chrome-extension://eimadpbcbfnmbkopoojfekhnkhdbieeh/inject/index.js:4879:44
    at Set.forEach (<anonymous>)
    at VariablesStore.setVarFilterType (chrome-extension://eimadpbcbfnmbkopoojfekhnkhdbieeh/inject/index.js:4879:22)
    at pushFilter (chrome-extension://eimadpbcbfnmbkopoojfekhnkhdbieeh/inject/index.js:4674:46)
    at getBgImageValue (chrome-extension://eimadpbcbfnmbkopoojfekhnkhdbieeh/inject/index.js:4303:37)
    at chrome-extension://eimadpbcbfnmbkopoojfekhnkhdbieeh/inject/index.js:4198:46
    at async Promise.all (index 0)
[   15887ms] TypeError: Cannot destructure property 'rule' of 'varDeclarations.get(...)' as it is undefined.
    at rebuildVarRule (chrome-extension://eimadpbcbfnmbkopoojfekhnkhdbieeh/inject/index.js:5801:24)
    at chrome-extension://eimadpbcbfnmbkopoojfekhnkhdbieeh/inject/index.js:5697:29
    at callback (chrome-extension://eimadpbcbfnmbkopoojfekhnkhdbieeh/inject/index.js:4701:25)
    at chrome-extension://eimadpbcbfnmbkopoojfekhnkhdbieeh/inject/index.js:4879:44
    at Set.forEach (<anonymous>)
    at VariablesStore.setVarFilterType (chrome-extension://eimadpbcbfnmbkopoojfekhnkhdbieeh/inject/index.js:4879:22)
    at pushFilter (chrome-extension://eimadpbcbfnmbkopoojfekhnkhdbieeh/inject/index.js:4674:46)
    at getBgImageValue (chrome-extension://eimadpbcbfnmbkopoojfekhnkhdbieeh/inject/index.js:4303:37)
    at chrome-extension://eimadpbcbfnmbkopoojfekhnkhdbieeh/inject/index.js:4198:46
    at async Promise.all (index 0)
[   15887ms] TypeError: Cannot destructure property 'rule' of 'varDeclarations.get(...)' as it is undefined.
    at rebuildVarRule (chrome-extension://eimadpbcbfnmbkopoojfekhnkhdbieeh/inject/index.js:5801:24)
    at chrome-extension://eimadpbcbfnmbkopoojfekhnkhdbieeh/inject/index.js:5697:29
    at callback (chrome-extension://eimadpbcbfnmbkopoojfekhnkhdbieeh/inject/index.js:4701:25)
    at chrome-extension://eimadpbcbfnmbkopoojfekhnkhdbieeh/inject/index.js:4879:44
    at Set.forEach (<anonymous>)
    at VariablesStore.setVarFilterType (chrome-extension://eimadpbcbfnmbkopoojfekhnkhdbieeh/inject/index.js:4879:22)
    at pushFilter (chrome-extension://eimadpbcbfnmbkopoojfekhnkhdbieeh/inject/index.js:4674:46)
    at getBgImageValue (chrome-extension://eimadpbcbfnmbkopoojfekhnkhdbieeh/inject/index.js:4303:37)
    at chrome-extension://eimadpbcbfnmbkopoojfekhnkhdbieeh/inject/index.js:4198:46
    at async Promise.all (index 0)
[   15892ms] TypeError: Cannot destructure property 'rule' of 'varDeclarations.get(...)' as it is undefined.
    at rebuildVarRule (chrome-extension://eimadpbcbfnmbkopoojfekhnkhdbieeh/inject/index.js:5801:24)
    at chrome-extension://eimadpbcbfnmbkopoojfekhnkhdbieeh/inject/index.js:5697:29
    at callback (chrome-extension://eimadpbcbfnmbkopoojfekhnkhdbieeh/inject/index.js:4701:25)
    at chrome-extension://eimadpbcbfnmbkopoojfekhnkhdbieeh/inject/index.js:4879:44
    at Set.forEach (<anonymous>)
    at VariablesStore.setVarFilterType (chrome-extension://eimadpbcbfnmbkopoojfekhnkhdbieeh/inject/index.js:4879:22)
    at pushFilter (chrome-extension://eimadpbcbfnmbkopoojfekhnkhdbieeh/inject/index.js:4674:46)
    at getBgImageValue (chrome-extension://eimadpbcbfnmbkopoojfekhnkhdbieeh/inject/index.js:4303:37)
    at chrome-extension://eimadpbcbfnmbkopoojfekhnkhdbieeh/inject/index.js:4198:46
    at async Promise.all (index 0)
[   15892ms] TypeError: Cannot destructure property 'rule' of 'varDeclarations.get(...)' as it is undefined.
    at rebuildVarRule (chrome-extension://eimadpbcbfnmbkopoojfekhnkhdbieeh/inject/index.js:5801:24)
    at chrome-extension://eimadpbcbfnmbkopoojfekhnkhdbieeh/inject/index.js:5697:29
    at callback (chrome-extension://eimadpbcbfnmbkopoojfekhnkhdbieeh/inject/index.js:4701:25)
    at chrome-extension://eimadpbcbfnmbkopoojfekhnkhdbieeh/inject/index.js:4879:44
    at Set.forEach (<anonymous>)
    at VariablesStore.setVarFilterType (chrome-extension://eimadpbcbfnmbkopoojfekhnkhdbieeh/inject/index.js:4879:22)
    at pushFilter (chrome-extension://eimadpbcbfnmbkopoojfekhnkhdbieeh/inject/index.js:4674:46)
    at getBgImageValue (chrome-extension://eimadpbcbfnmbkopoojfekhnkhdbieeh/inject/index.js:4303:37)
    at chrome-extension://eimadpbcbfnmbkopoojfekhnkhdbieeh/inject/index.js:4198:46
    at async Promise.all (index 0)
[   15892ms] TypeError: Cannot destructure property 'rule' of 'varDeclarations.get(...)' as it is undefined.
    at rebuildVarRule (chrome-extension://eimadpbcbfnmbkopoojfekhnkhdbieeh/inject/index.js:5801:24)
    at chrome-extension://eimadpbcbfnmbkopoojfekhnkhdbieeh/inject/index.js:5697:29
    at callback (chrome-extension://eimadpbcbfnmbkopoojfekhnkhdbieeh/inject/index.js:4701:25)
    at chrome-extension://eimadpbcbfnmbkopoojfekhnkhdbieeh/inject/index.js:4879:44
    at Set.forEach (<anonymous>)
    at VariablesStore.setVarFilterType (chrome-extension://eimadpbcbfnmbkopoojfekhnkhdbieeh/inject/index.js:4879:22)
    at pushFilter (chrome-extension://eimadpbcbfnmbkopoojfekhnkhdbieeh/inject/index.js:4674:46)
    at getBgImageValue (chrome-extension://eimadpbcbfnmbkopoojfekhnkhdbieeh/inject/index.js:4303:37)
    at chrome-extension://eimadpbcbfnmbkopoojfekhnkhdbieeh/inject/index.js:4198:46
    at async Promise.all (index 0)
[   15892ms] TypeError: Cannot destructure property 'rule' of 'varDeclarations.get(...)' as it is undefined.
    at rebuildVarRule (chrome-extension://eimadpbcbfnmbkopoojfekhnkhdbieeh/inject/index.js:5801:24)
    at chrome-extension://eimadpbcbfnmbkopoojfekhnkhdbieeh/inject/index.js:5697:29
    at callback (chrome-extension://eimadpbcbfnmbkopoojfekhnkhdbieeh/inject/index.js:4701:25)
    at chrome-extension://eimadpbcbfnmbkopoojfekhnkhdbieeh/inject/index.js:4879:44
    at Set.forEach (<anonymous>)
    at VariablesStore.setVarFilterType (chrome-extension://eimadpbcbfnmbkopoojfekhnkhdbieeh/inject/index.js:4879:22)
    at pushFilter (chrome-extension://eimadpbcbfnmbkopoojfekhnkhdbieeh/inject/index.js:4674:46)
    at getBgImageValue (chrome-extension://eimadpbcbfnmbkopoojfekhnkhdbieeh/inject/index.js:4303:37)
    at chrome-extension://eimadpbcbfnmbkopoojfekhnkhdbieeh/inject/index.js:4198:46
    at async Promise.all (index 0)
[   15892ms] TypeError: Cannot destructure property 'rule' of 'varDeclarations.get(...)' as it is undefined.
    at rebuildVarRule (chrome-extension://eimadpbcbfnmbkopoojfekhnkhdbieeh/inject/index.js:5801:24)
    at chrome-extension://eimadpbcbfnmbkopoojfekhnkhdbieeh/inject/index.js:5697:29
    at callback (chrome-extension://eimadpbcbfnmbkopoojfekhnkhdbieeh/inject/index.js:4701:25)
    at chrome-extension://eimadpbcbfnmbkopoojfekhnkhdbieeh/inject/index.js:4879:44
    at Set.forEach (<anonymous>)
    at VariablesStore.setVarFilterType (chrome-extension://eimadpbcbfnmbkopoojfekhnkhdbieeh/inject/index.js:4879:22)
    at pushFilter (chrome-extension://eimadpbcbfnmbkopoojfekhnkhdbieeh/inject/index.js:4674:46)
    at getBgImageValue (chrome-extension://eimadpbcbfnmbkopoojfekhnkhdbieeh/inject/index.js:4303:37)
    at chrome-extension://eimadpbcbfnmbkopoojfekhnkhdbieeh/inject/index.js:4198:46
    at async Promise.all (index 0)
[   15893ms] TypeError: Cannot destructure property 'rule' of 'varDeclarations.get(...)' as it is undefined.
    at rebuildVarRule (chrome-extension://eimadpbcbfnmbkopoojfekhnkhdbieeh/inject/index.js:5801:24)
    at chrome-extension://eimadpbcbfnmbkopoojfekhnkhdbieeh/inject/index.js:5697:29
    at callback (chrome-extension://eimadpbcbfnmbkopoojfekhnkhdbieeh/inject/index.js:4701:25)
    at chrome-extension://eimadpbcbfnmbkopoojfekhnkhdbieeh/inject/index.js:4879:44
    at Set.forEach (<anonymous>)
    at VariablesStore.setVarFilterType (chrome-extension://eimadpbcbfnmbkopoojfekhnkhdbieeh/inject/index.js:4879:22)
    at pushFilter (chrome-extension://eimadpbcbfnmbkopoojfekhnkhdbieeh/inject/index.js:4674:46)
    at getBgImageValue (chrome-extension://eimadpbcbfnmbkopoojfekhnkhdbieeh/inject/index.js:4283:37)
    at chrome-extension://eimadpbcbfnmbkopoojfekhnkhdbieeh/inject/index.js:4198:46
    at async Promise.all (index 0)
[   15893ms] TypeError: Cannot destructure property 'rule' of 'varDeclarations.get(...)' as it is undefined.
    at rebuildVarRule (chrome-extension://eimadpbcbfnmbkopoojfekhnkhdbieeh/inject/index.js:5801:24)
    at chrome-extension://eimadpbcbfnmbkopoojfekhnkhdbieeh/inject/index.js:5697:29
    at callback (chrome-extension://eimadpbcbfnmbkopoojfekhnkhdbieeh/inject/index.js:4701:25)
    at chrome-extension://eimadpbcbfnmbkopoojfekhnkhdbieeh/inject/index.js:4879:44
    at Set.forEach (<anonymous>)
    at VariablesStore.setVarFilterType (chrome-extension://eimadpbcbfnmbkopoojfekhnkhdbieeh/inject/index.js:4879:22)
    at pushFilter (chrome-extension://eimadpbcbfnmbkopoojfekhnkhdbieeh/inject/index.js:4674:46)
    at getBgImageValue (chrome-extension://eimadpbcbfnmbkopoojfekhnkhdbieeh/inject/index.js:4303:37)
    at chrome-extension://eimadpbcbfnmbkopoojfekhnkhdbieeh/inject/index.js:4198:46
    at async Promise.all (index 0)
[   15893ms] TypeError: Cannot destructure property 'rule' of 'varDeclarations.get(...)' as it is undefined.
    at rebuildVarRule (chrome-extension://eimadpbcbfnmbkopoojfekhnkhdbieeh/inject/index.js:5801:24)
    at chrome-extension://eimadpbcbfnmbkopoojfekhnkhdbieeh/inject/index.js:5697:29
    at callback (chrome-extension://eimadpbcbfnmbkopoojfekhnkhdbieeh/inject/index.js:4701:25)
    at chrome-extension://eimadpbcbfnmbkopoojfekhnkhdbieeh/inject/index.js:4879:44
    at Set.forEach (<anonymous>)
    at VariablesStore.setVarFilterType (chrome-extension://eimadpbcbfnmbkopoojfekhnkhdbieeh/inject/index.js:4879:22)
    at pushFilter (chrome-extension://eimadpbcbfnmbkopoojfekhnkhdbieeh/inject/index.js:4674:46)
    at getBgImageValue (chrome-extension://eimadpbcbfnmbkopoojfekhnkhdbieeh/inject/index.js:4303:37)
    at chrome-extension://eimadpbcbfnmbkopoojfekhnkhdbieeh/inject/index.js:4198:46
    at async Promise.all (index 0)
[   15896ms] TypeError: Cannot destructure property 'rule' of 'varDeclarations.get(...)' as it is undefined.
    at rebuildVarRule (chrome-extension://eimadpbcbfnmbkopoojfekhnkhdbieeh/inject/index.js:5801:24)
    at chrome-extension://eimadpbcbfnmbkopoojfekhnkhdbieeh/inject/index.js:5697:29
    at callback (chrome-extension://eimadpbcbfnmbkopoojfekhnkhdbieeh/inject/index.js:4701:25)
    at chrome-extension://eimadpbcbfnmbkopoojfekhnkhdbieeh/inject/index.js:4879:44
    at Set.forEach (<anonymous>)
    at VariablesStore.setVarFilterType (chrome-extension://eimadpbcbfnmbkopoojfekhnkhdbieeh/inject/index.js:4879:22)
    at pushFilter (chrome-extension://eimadpbcbfnmbkopoojfekhnkhdbieeh/inject/index.js:4674:46)
    at getBgImageValue (chrome-extension://eimadpbcbfnmbkopoojfekhnkhdbieeh/inject/index.js:4303:37)
    at chrome-extension://eimadpbcbfnmbkopoojfekhnkhdbieeh/inject/index.js:4198:46
    at async Promise.all (index 0)
[   15897ms] TypeError: Cannot destructure property 'rule' of 'varDeclarations.get(...)' as it is undefined.
    at rebuildVarRule (chrome-extension://eimadpbcbfnmbkopoojfekhnkhdbieeh/inject/index.js:5801:24)
    at chrome-extension://eimadpbcbfnmbkopoojfekhnkhdbieeh/inject/index.js:5697:29
    at callback (chrome-extension://eimadpbcbfnmbkopoojfekhnkhdbieeh/inject/index.js:4701:25)
    at chrome-extension://eimadpbcbfnmbkopoojfekhnkhdbieeh/inject/index.js:4879:44
    at Set.forEach (<anonymous>)
    at VariablesStore.setVarFilterType (chrome-extension://eimadpbcbfnmbkopoojfekhnkhdbieeh/inject/index.js:4879:22)
    at pushFilter (chrome-extension://eimadpbcbfnmbkopoojfekhnkhdbieeh/inject/index.js:4674:46)
    at getBgImageValue (chrome-extension://eimadpbcbfnmbkopoojfekhnkhdbieeh/inject/index.js:4303:37)
    at chrome-extension://eimadpbcbfnmbkopoojfekhnkhdbieeh/inject/index.js:4198:46
    at async Promise.all (index 0)
[   15897ms] TypeError: Cannot destructure property 'rule' of 'varDeclarations.get(...)' as it is undefined.
    at rebuildVarRule (chrome-extension://eimadpbcbfnmbkopoojfekhnkhdbieeh/inject/index.js:5801:24)
    at chrome-extension://eimadpbcbfnmbkopoojfekhnkhdbieeh/inject/index.js:5697:29
    at callback (chrome-extension://eimadpbcbfnmbkopoojfekhnkhdbieeh/inject/index.js:4701:25)
    at chrome-extension://eimadpbcbfnmbkopoojfekhnkhdbieeh/inject/index.js:4879:44
    at Set.forEach (<anonymous>)
    at VariablesStore.setVarFilterType (chrome-extension://eimadpbcbfnmbkopoojfekhnkhdbieeh/inject/index.js:4879:22)
    at pushFilter (chrome-extension://eimadpbcbfnmbkopoojfekhnkhdbieeh/inject/index.js:4674:46)
    at getBgImageValue (chrome-extension://eimadpbcbfnmbkopoojfekhnkhdbieeh/inject/index.js:4303:37)
    at chrome-extension://eimadpbcbfnmbkopoojfekhnkhdbieeh/inject/index.js:4198:46
    at async Promise.all (index 0)
[   15897ms] TypeError: Cannot destructure property 'rule' of 'varDeclarations.get(...)' as it is undefined.
    at rebuildVarRule (chrome-extension://eimadpbcbfnmbkopoojfekhnkhdbieeh/inject/index.js:5801:24)
    at chrome-extension://eimadpbcbfnmbkopoojfekhnkhdbieeh/inject/index.js:5697:29
    at callback (chrome-extension://eimadpbcbfnmbkopoojfekhnkhdbieeh/inject/index.js:4701:25)
    at chrome-extension://eimadpbcbfnmbkopoojfekhnkhdbieeh/inject/index.js:4879:44
    at Set.forEach (<anonymous>)
    at VariablesStore.setVarFilterType (chrome-extension://eimadpbcbfnmbkopoojfekhnkhdbieeh/inject/index.js:4879:22)
    at pushFilter (chrome-extension://eimadpbcbfnmbkopoojfekhnkhdbieeh/inject/index.js:4674:46)
    at getBgImageValue (chrome-extension://eimadpbcbfnmbkopoojfekhnkhdbieeh/inject/index.js:4283:37)
    at chrome-extension://eimadpbcbfnmbkopoojfekhnkhdbieeh/inject/index.js:4198:46
    at async Promise.all (index 0)
[   15897ms] TypeError: Cannot destructure property 'rule' of 'varDeclarations.get(...)' as it is undefined.
    at rebuildVarRule (chrome-extension://eimadpbcbfnmbkopoojfekhnkhdbieeh/inject/index.js:5801:24)
    at chrome-extension://eimadpbcbfnmbkopoojfekhnkhdbieeh/inject/index.js:5697:29
    at callback (chrome-extension://eimadpbcbfnmbkopoojfekhnkhdbieeh/inject/index.js:4701:25)
    at chrome-extension://eimadpbcbfnmbkopoojfekhnkhdbieeh/inject/index.js:4879:44
    at Set.forEach (<anonymous>)
    at VariablesStore.setVarFilterType (chrome-extension://eimadpbcbfnmbkopoojfekhnkhdbieeh/inject/index.js:4879:22)
    at pushFilter (chrome-extension://eimadpbcbfnmbkopoojfekhnkhdbieeh/inject/index.js:4674:46)
    at getBgImageValue (chrome-extension://eimadpbcbfnmbkopoojfekhnkhdbieeh/inject/index.js:4303:37)
    at chrome-extension://eimadpbcbfnmbkopoojfekhnkhdbieeh/inject/index.js:4198:46
    at async Promise.all (index 0)
[   15897ms] TypeError: Cannot destructure property 'rule' of 'varDeclarations.get(...)' as it is undefined.
    at rebuildVarRule (chrome-extension://eimadpbcbfnmbkopoojfekhnkhdbieeh/inject/index.js:5801:24)
    at chrome-extension://eimadpbcbfnmbkopoojfekhnkhdbieeh/inject/index.js:5697:29
    at callback (chrome-extension://eimadpbcbfnmbkopoojfekhnkhdbieeh/inject/index.js:4701:25)
    at chrome-extension://eimadpbcbfnmbkopoojfekhnkhdbieeh/inject/index.js:4879:44
    at Set.forEach (<anonymous>)
    at VariablesStore.setVarFilterType (chrome-extension://eimadpbcbfnmbkopoojfekhnkhdbieeh/inject/index.js:4879:22)
    at pushFilter (chrome-extension://eimadpbcbfnmbkopoojfekhnkhdbieeh/inject/index.js:4674:46)
    at getBgImageValue (chrome-extension://eimadpbcbfnmbkopoojfekhnkhdbieeh/inject/index.js:4303:37)
    at chrome-extension://eimadpbcbfnmbkopoojfekhnkhdbieeh/inject/index.js:4198:46
    at async Promise.all (index 0)
[   15897ms] TypeError: Cannot destructure property 'rule' of 'varDeclarations.get(...)' as it is undefined.
    at rebuildVarRule (chrome-extension://eimadpbcbfnmbkopoojfekhnkhdbieeh/inject/index.js:5801:24)
    at chrome-extension://eimadpbcbfnmbkopoojfekhnkhdbieeh/inject/index.js:5697:29
    at callback (chrome-extension://eimadpbcbfnmbkopoojfekhnkhdbieeh/inject/index.js:4701:25)
    at chrome-extension://eimadpbcbfnmbkopoojfekhnkhdbieeh/inject/index.js:4879:44
    at Set.forEach (<anonymous>)
    at VariablesStore.setVarFilterType (chrome-extension://eimadpbcbfnmbkopoojfekhnkhdbieeh/inject/index.js:4879:22)
    at pushFilter (chrome-extension://eimadpbcbfnmbkopoojfekhnkhdbieeh/inject/index.js:4674:46)
    at getBgImageValue (chrome-extension://eimadpbcbfnmbkopoojfekhnkhdbieeh/inject/index.js:4303:37)
    at chrome-extension://eimadpbcbfnmbkopoojfekhnkhdbieeh/inject/index.js:4198:46
    at async Promise.all (index 0)
[   15898ms] TypeError: Cannot destructure property 'rule' of 'varDeclarations.get(...)' as it is undefined.
    at rebuildVarRule (chrome-extension://eimadpbcbfnmbkopoojfekhnkhdbieeh/inject/index.js:5801:24)
    at chrome-extension://eimadpbcbfnmbkopoojfekhnkhdbieeh/inject/index.js:5697:29
    at callback (chrome-extension://eimadpbcbfnmbkopoojfekhnkhdbieeh/inject/index.js:4701:25)
    at chrome-extension://eimadpbcbfnmbkopoojfekhnkhdbieeh/inject/index.js:4879:44
    at Set.forEach (<anonymous>)
    at VariablesStore.setVarFilterType (chrome-extension://eimadpbcbfnmbkopoojfekhnkhdbieeh/inject/index.js:4879:22)
    at pushFilter (chrome-extension://eimadpbcbfnmbkopoojfekhnkhdbieeh/inject/index.js:4674:46)
    at getBgImageValue (chrome-extension://eimadpbcbfnmbkopoojfekhnkhdbieeh/inject/index.js:4303:37)
    at chrome-extension://eimadpbcbfnmbkopoojfekhnkhdbieeh/inject/index.js:4198:46
    at async Promise.all (index 0)
[   15898ms] TypeError: Cannot destructure property 'rule' of 'varDeclarations.get(...)' as it is undefined.
    at rebuildVarRule (chrome-extension://eimadpbcbfnmbkopoojfekhnkhdbieeh/inject/index.js:5801:24)
    at chrome-extension://eimadpbcbfnmbkopoojfekhnkhdbieeh/inject/index.js:5697:29
    at callback (chrome-extension://eimadpbcbfnmbkopoojfekhnkhdbieeh/inject/index.js:4701:25)
    at chrome-extension://eimadpbcbfnmbkopoojfekhnkhdbieeh/inject/index.js:4879:44
    at Set.forEach (<anonymous>)
    at VariablesStore.setVarFilterType (chrome-extension://eimadpbcbfnmbkopoojfekhnkhdbieeh/inject/index.js:4879:22)
    at pushFilter (chrome-extension://eimadpbcbfnmbkopoojfekhnkhdbieeh/inject/index.js:4674:46)
    at getBgImageValue (chrome-extension://eimadpbcbfnmbkopoojfekhnkhdbieeh/inject/index.js:4303:37)
    at chrome-extension://eimadpbcbfnmbkopoojfekhnkhdbieeh/inject/index.js:4198:46
    at async Promise.all (index 0)
[   15903ms] TypeError: Cannot destructure property 'rule' of 'varDeclarations.get(...)' as it is undefined.
    at rebuildVarRule (chrome-extension://eimadpbcbfnmbkopoojfekhnkhdbieeh/inject/index.js:5801:24)
    at chrome-extension://eimadpbcbfnmbkopoojfekhnkhdbieeh/inject/index.js:5697:29
    at callback (chrome-extension://eimadpbcbfnmbkopoojfekhnkhdbieeh/inject/index.js:4701:25)
    at chrome-extension://eimadpbcbfnmbkopoojfekhnkhdbieeh/inject/index.js:4879:44
    at Set.forEach (<anonymous>)
    at VariablesStore.setVarFilterType (chrome-extension://eimadpbcbfnmbkopoojfekhnkhdbieeh/inject/index.js:4879:22)
    at pushFilter (chrome-extension://eimadpbcbfnmbkopoojfekhnkhdbieeh/inject/index.js:4674:46)
    at getBgImageValue (chrome-extension://eimadpbcbfnmbkopoojfekhnkhdbieeh/inject/index.js:4303:37)
    at chrome-extension://eimadpbcbfnmbkopoojfekhnkhdbieeh/inject/index.js:4198:46
    at async Promise.all (index 0)
[   15903ms] TypeError: Cannot destructure property 'rule' of 'varDeclarations.get(...)' as it is undefined.
    at rebuildVarRule (chrome-extension://eimadpbcbfnmbkopoojfekhnkhdbieeh/inject/index.js:5801:24)
    at chrome-extension://eimadpbcbfnmbkopoojfekhnkhdbieeh/inject/index.js:5697:29
    at callback (chrome-extension://eimadpbcbfnmbkopoojfekhnkhdbieeh/inject/index.js:4701:25)
    at chrome-extension://eimadpbcbfnmbkopoojfekhnkhdbieeh/inject/index.js:4879:44
    at Set.forEach (<anonymous>)
    at VariablesStore.setVarFilterType (chrome-extension://eimadpbcbfnmbkopoojfekhnkhdbieeh/inject/index.js:4879:22)
    at pushFilter (chrome-extension://eimadpbcbfnmbkopoojfekhnkhdbieeh/inject/index.js:4674:46)
    at getBgImageValue (chrome-extension://eimadpbcbfnmbkopoojfekhnkhdbieeh/inject/index.js:4303:37)
    at chrome-extension://eimadpbcbfnmbkopoojfekhnkhdbieeh/inject/index.js:4198:46
    at async Promise.all (index 0)
[   15903ms] TypeError: Cannot destructure property 'rule' of 'varDeclarations.get(...)' as it is undefined.
    at rebuildVarRule (chrome-extension://eimadpbcbfnmbkopoojfekhnkhdbieeh/inject/index.js:5801:24)
    at chrome-extension://eimadpbcbfnmbkopoojfekhnkhdbieeh/inject/index.js:5697:29
    at callback (chrome-extension://eimadpbcbfnmbkopoojfekhnkhdbieeh/inject/index.js:4701:25)
    at chrome-extension://eimadpbcbfnmbkopoojfekhnkhdbieeh/inject/index.js:4879:44
    at Set.forEach (<anonymous>)
    at VariablesStore.setVarFilterType (chrome-extension://eimadpbcbfnmbkopoojfekhnkhdbieeh/inject/index.js:4879:22)
    at pushFilter (chrome-extension://eimadpbcbfnmbkopoojfekhnkhdbieeh/inject/index.js:4674:46)
    at getBgImageValue (chrome-extension://eimadpbcbfnmbkopoojfekhnkhdbieeh/inject/index.js:4303:37)
    at chrome-extension://eimadpbcbfnmbkopoojfekhnkhdbieeh/inject/index.js:4198:46
    at async Promise.all (index 0)
[   15904ms] TypeError: Cannot destructure property 'rule' of 'varDeclarations.get(...)' as it is undefined.
    at rebuildVarRule (chrome-extension://eimadpbcbfnmbkopoojfekhnkhdbieeh/inject/index.js:5801:24)
    at chrome-extension://eimadpbcbfnmbkopoojfekhnkhdbieeh/inject/index.js:5697:29
    at callback (chrome-extension://eimadpbcbfnmbkopoojfekhnkhdbieeh/inject/index.js:4701:25)
    at chrome-extension://eimadpbcbfnmbkopoojfekhnkhdbieeh/inject/index.js:4879:44
    at Set.forEach (<anonymous>)
    at VariablesStore.setVarFilterType (chrome-extension://eimadpbcbfnmbkopoojfekhnkhdbieeh/inject/index.js:4879:22)
    at pushFilter (chrome-extension://eimadpbcbfnmbkopoojfekhnkhdbieeh/inject/index.js:4674:46)
    at getBgImageValue (chrome-extension://eimadpbcbfnmbkopoojfekhnkhdbieeh/inject/index.js:4303:37)
    at chrome-extension://eimadpbcbfnmbkopoojfekhnkhdbieeh/inject/index.js:4198:46
    at async Promise.all (index 0)
[   15904ms] TypeError: Cannot destructure property 'rule' of 'varDeclarations.get(...)' as it is undefined.
    at rebuildVarRule (chrome-extension://eimadpbcbfnmbkopoojfekhnkhdbieeh/inject/index.js:5801:24)
    at chrome-extension://eimadpbcbfnmbkopoojfekhnkhdbieeh/inject/index.js:5697:29
    at callback (chrome-extension://eimadpbcbfnmbkopoojfekhnkhdbieeh/inject/index.js:4701:25)
    at chrome-extension://eimadpbcbfnmbkopoojfekhnkhdbieeh/inject/index.js:4879:44
    at Set.forEach (<anonymous>)
    at VariablesStore.setVarFilterType (chrome-extension://eimadpbcbfnmbkopoojfekhnkhdbieeh/inject/index.js:4879:22)
    at pushFilter (chrome-extension://eimadpbcbfnmbkopoojfekhnkhdbieeh/inject/index.js:4674:46)
    at getBgImageValue (chrome-extension://eimadpbcbfnmbkopoojfekhnkhdbieeh/inject/index.js:4303:37)
    at chrome-extension://eimadpbcbfnmbkopoojfekhnkhdbieeh/inject/index.js:4198:46
    at async Promise.all (index 0)
[   15910ms] TypeError: Cannot destructure property 'rule' of 'varDeclarations.get(...)' as it is undefined.
    at rebuildVarRule (chrome-extension://eimadpbcbfnmbkopoojfekhnkhdbieeh/inject/index.js:5801:24)
    at chrome-extension://eimadpbcbfnmbkopoojfekhnkhdbieeh/inject/index.js:5697:29
    at callback (chrome-extension://eimadpbcbfnmbkopoojfekhnkhdbieeh/inject/index.js:4701:25)
    at chrome-extension://eimadpbcbfnmbkopoojfekhnkhdbieeh/inject/index.js:4879:44
    at Set.forEach (<anonymous>)
    at VariablesStore.setVarFilterType (chrome-extension://eimadpbcbfnmbkopoojfekhnkhdbieeh/inject/index.js:4879:22)
    at pushFilter (chrome-extension://eimadpbcbfnmbkopoojfekhnkhdbieeh/inject/index.js:4674:46)
    at getBgImageValue (chrome-extension://eimadpbcbfnmbkopoojfekhnkhdbieeh/inject/index.js:4303:37)
    at chrome-extension://eimadpbcbfnmbkopoojfekhnkhdbieeh/inject/index.js:4198:46
    at async Promise.all (index 0)
[   15913ms] TypeError: Cannot destructure property 'rule' of 'varDeclarations.get(...)' as it is undefined.
    at rebuildVarRule (chrome-extension://eimadpbcbfnmbkopoojfekhnkhdbieeh/inject/index.js:5801:24)
    at chrome-extension://eimadpbcbfnmbkopoojfekhnkhdbieeh/inject/index.js:5697:29
    at callback (chrome-extension://eimadpbcbfnmbkopoojfekhnkhdbieeh/inject/index.js:4701:25)
    at chrome-extension://eimadpbcbfnmbkopoojfekhnkhdbieeh/inject/index.js:4879:44
    at Set.forEach (<anonymous>)
    at VariablesStore.setVarFilterType (chrome-extension://eimadpbcbfnmbkopoojfekhnkhdbieeh/inject/index.js:4879:22)
    at pushFilter (chrome-extension://eimadpbcbfnmbkopoojfekhnkhdbieeh/inject/index.js:4674:46)
    at getBgImageValue (chrome-extension://eimadpbcbfnmbkopoojfekhnkhdbieeh/inject/index.js:4303:37)
    at chrome-extension://eimadpbcbfnmbkopoojfekhnkhdbieeh/inject/index.js:4198:46
    at async Promise.all (index 0)
[   15914ms] TypeError: Cannot destructure property 'rule' of 'varDeclarations.get(...)' as it is undefined.
    at rebuildVarRule (chrome-extension://eimadpbcbfnmbkopoojfekhnkhdbieeh/inject/index.js:5801:24)
    at chrome-extension://eimadpbcbfnmbkopoojfekhnkhdbieeh/inject/index.js:5697:29
    at callback (chrome-extension://eimadpbcbfnmbkopoojfekhnkhdbieeh/inject/index.js:4701:25)
    at chrome-extension://eimadpbcbfnmbkopoojfekhnkhdbieeh/inject/index.js:4879:44
    at Set.forEach (<anonymous>)
    at VariablesStore.setVarFilterType (chrome-extension://eimadpbcbfnmbkopoojfekhnkhdbieeh/inject/index.js:4879:22)
    at pushFilter (chrome-extension://eimadpbcbfnmbkopoojfekhnkhdbieeh/inject/index.js:4674:46)
    at getBgImageValue (chrome-extension://eimadpbcbfnmbkopoojfekhnkhdbieeh/inject/index.js:4303:37)
    at chrome-extension://eimadpbcbfnmbkopoojfekhnkhdbieeh/inject/index.js:4198:46
    at async Promise.all (index 0)
[   15914ms] TypeError: Cannot destructure property 'rule' of 'varDeclarations.get(...)' as it is undefined.
    at rebuildVarRule (chrome-extension://eimadpbcbfnmbkopoojfekhnkhdbieeh/inject/index.js:5801:24)
    at chrome-extension://eimadpbcbfnmbkopoojfekhnkhdbieeh/inject/index.js:5697:29
    at callback (chrome-extension://eimadpbcbfnmbkopoojfekhnkhdbieeh/inject/index.js:4701:25)
    at chrome-extension://eimadpbcbfnmbkopoojfekhnkhdbieeh/inject/index.js:4879:44
    at Set.forEach (<anonymous>)
    at VariablesStore.setVarFilterType (chrome-extension://eimadpbcbfnmbkopoojfekhnkhdbieeh/inject/index.js:4879:22)
    at pushFilter (chrome-extension://eimadpbcbfnmbkopoojfekhnkhdbieeh/inject/index.js:4674:46)
    at getBgImageValue (chrome-extension://eimadpbcbfnmbkopoojfekhnkhdbieeh/inject/index.js:4303:37)
    at chrome-extension://eimadpbcbfnmbkopoojfekhnkhdbieeh/inject/index.js:4198:46
    at async Promise.all (index 0)
[   15920ms] TypeError: Cannot destructure property 'rule' of 'varDeclarations.get(...)' as it is undefined.
    at rebuildVarRule (chrome-extension://eimadpbcbfnmbkopoojfekhnkhdbieeh/inject/index.js:5801:24)
    at chrome-extension://eimadpbcbfnmbkopoojfekhnkhdbieeh/inject/index.js:5697:29
    at callback (chrome-extension://eimadpbcbfnmbkopoojfekhnkhdbieeh/inject/index.js:4701:25)
    at chrome-extension://eimadpbcbfnmbkopoojfekhnkhdbieeh/inject/index.js:4879:44
    at Set.forEach (<anonymous>)
    at VariablesStore.setVarFilterType (chrome-extension://eimadpbcbfnmbkopoojfekhnkhdbieeh/inject/index.js:4879:22)
    at pushFilter (chrome-extension://eimadpbcbfnmbkopoojfekhnkhdbieeh/inject/index.js:4674:46)
    at getBgImageValue (chrome-extension://eimadpbcbfnmbkopoojfekhnkhdbieeh/inject/index.js:4303:37)
    at chrome-extension://eimadpbcbfnmbkopoojfekhnkhdbieeh/inject/index.js:4198:46
    at async Promise.all (index 0)
[   15921ms] TypeError: Cannot destructure property 'rule' of 'varDeclarations.get(...)' as it is undefined.
    at rebuildVarRule (chrome-extension://eimadpbcbfnmbkopoojfekhnkhdbieeh/inject/index.js:5801:24)
    at chrome-extension://eimadpbcbfnmbkopoojfekhnkhdbieeh/inject/index.js:5697:29
    at callback (chrome-extension://eimadpbcbfnmbkopoojfekhnkhdbieeh/inject/index.js:4701:25)
    at chrome-extension://eimadpbcbfnmbkopoojfekhnkhdbieeh/inject/index.js:4879:44
    at Set.forEach (<anonymous>)
    at VariablesStore.setVarFilterType (chrome-extension://eimadpbcbfnmbkopoojfekhnkhdbieeh/inject/index.js:4879:22)
    at pushFilter (chrome-extension://eimadpbcbfnmbkopoojfekhnkhdbieeh/inject/index.js:4674:46)
    at getBgImageValue (chrome-extension://eimadpbcbfnmbkopoojfekhnkhdbieeh/inject/index.js:4303:37)
    at chrome-extension://eimadpbcbfnmbkopoojfekhnkhdbieeh/inject/index.js:4198:46
    at async Promise.all (index 0)
[   15921ms] TypeError: Cannot destructure property 'rule' of 'varDeclarations.get(...)' as it is undefined.
    at rebuildVarRule (chrome-extension://eimadpbcbfnmbkopoojfekhnkhdbieeh/inject/index.js:5801:24)
    at chrome-extension://eimadpbcbfnmbkopoojfekhnkhdbieeh/inject/index.js:5697:29
    at callback (chrome-extension://eimadpbcbfnmbkopoojfekhnkhdbieeh/inject/index.js:4701:25)
    at chrome-extension://eimadpbcbfnmbkopoojfekhnkhdbieeh/inject/index.js:4879:44
    at Set.forEach (<anonymous>)
    at VariablesStore.setVarFilterType (chrome-extension://eimadpbcbfnmbkopoojfekhnkhdbieeh/inject/index.js:4879:22)
    at pushFilter (chrome-extension://eimadpbcbfnmbkopoojfekhnkhdbieeh/inject/index.js:4674:46)
    at getBgImageValue (chrome-extension://eimadpbcbfnmbkopoojfekhnkhdbieeh/inject/index.js:4283:37)
    at chrome-extension://eimadpbcbfnmbkopoojfekhnkhdbieeh/inject/index.js:4198:46
    at async Promise.all (index 0)
[   15921ms] TypeError: Cannot destructure property 'rule' of 'varDeclarations.get(...)' as it is undefined.
    at rebuildVarRule (chrome-extension://eimadpbcbfnmbkopoojfekhnkhdbieeh/inject/index.js:5801:24)
    at chrome-extension://eimadpbcbfnmbkopoojfekhnkhdbieeh/inject/index.js:5697:29
    at callback (chrome-extension://eimadpbcbfnmbkopoojfekhnkhdbieeh/inject/index.js:4701:25)
    at chrome-extension://eimadpbcbfnmbkopoojfekhnkhdbieeh/inject/index.js:4879:44
    at Set.forEach (<anonymous>)
    at VariablesStore.setVarFilterType (chrome-extension://eimadpbcbfnmbkopoojfekhnkhdbieeh/inject/index.js:4879:22)
    at pushFilter (chrome-extension://eimadpbcbfnmbkopoojfekhnkhdbieeh/inject/index.js:4674:46)
    at getBgImageValue (chrome-extension://eimadpbcbfnmbkopoojfekhnkhdbieeh/inject/index.js:4283:37)
    at chrome-extension://eimadpbcbfnmbkopoojfekhnkhdbieeh/inject/index.js:4198:46
    at async Promise.all (index 0)
[   15921ms] TypeError: Cannot destructure property 'rule' of 'varDeclarations.get(...)' as it is undefined.
    at rebuildVarRule (chrome-extension://eimadpbcbfnmbkopoojfekhnkhdbieeh/inject/index.js:5801:24)
    at chrome-extension://eimadpbcbfnmbkopoojfekhnkhdbieeh/inject/index.js:5697:29
    at callback (chrome-extension://eimadpbcbfnmbkopoojfekhnkhdbieeh/inject/index.js:4701:25)
    at chrome-extension://eimadpbcbfnmbkopoojfekhnkhdbieeh/inject/index.js:4879:44
    at Set.forEach (<anonymous>)
    at VariablesStore.setVarFilterType (chrome-extension://eimadpbcbfnmbkopoojfekhnkhdbieeh/inject/index.js:4879:22)
    at pushFilter (chrome-extension://eimadpbcbfnmbkopoojfekhnkhdbieeh/inject/index.js:4674:46)
    at getBgImageValue (chrome-extension://eimadpbcbfnmbkopoojfekhnkhdbieeh/inject/index.js:4283:37)
    at chrome-extension://eimadpbcbfnmbkopoojfekhnkhdbieeh/inject/index.js:4198:46
    at async Promise.all (index 0)
[   15921ms] TypeError: Cannot destructure property 'rule' of 'varDeclarations.get(...)' as it is undefined.
    at rebuildVarRule (chrome-extension://eimadpbcbfnmbkopoojfekhnkhdbieeh/inject/index.js:5801:24)
    at chrome-extension://eimadpbcbfnmbkopoojfekhnkhdbieeh/inject/index.js:5697:29
    at callback (chrome-extension://eimadpbcbfnmbkopoojfekhnkhdbieeh/inject/index.js:4701:25)
    at chrome-extension://eimadpbcbfnmbkopoojfekhnkhdbieeh/inject/index.js:4879:44
    at Set.forEach (<anonymous>)
    at VariablesStore.setVarFilterType (chrome-extension://eimadpbcbfnmbkopoojfekhnkhdbieeh/inject/index.js:4879:22)
    at pushFilter (chrome-extension://eimadpbcbfnmbkopoojfekhnkhdbieeh/inject/index.js:4674:46)
    at getBgImageValue (chrome-extension://eimadpbcbfnmbkopoojfekhnkhdbieeh/inject/index.js:4283:37)
    at chrome-extension://eimadpbcbfnmbkopoojfekhnkhdbieeh/inject/index.js:4198:46
    at async Promise.all (index 0)
[   15922ms] TypeError: Cannot destructure property 'rule' of 'varDeclarations.get(...)' as it is undefined.
    at rebuildVarRule (chrome-extension://eimadpbcbfnmbkopoojfekhnkhdbieeh/inject/index.js:5801:24)
    at chrome-extension://eimadpbcbfnmbkopoojfekhnkhdbieeh/inject/index.js:5697:29
    at callback (chrome-extension://eimadpbcbfnmbkopoojfekhnkhdbieeh/inject/index.js:4701:25)
    at chrome-extension://eimadpbcbfnmbkopoojfekhnkhdbieeh/inject/index.js:4879:44
    at Set.forEach (<anonymous>)
    at VariablesStore.setVarFilterType (chrome-extension://eimadpbcbfnmbkopoojfekhnkhdbieeh/inject/index.js:4879:22)
    at pushFilter (chrome-extension://eimadpbcbfnmbkopoojfekhnkhdbieeh/inject/index.js:4674:46)
    at getBgImageValue (chrome-extension://eimadpbcbfnmbkopoojfekhnkhdbieeh/inject/index.js:4303:37)
    at chrome-extension://eimadpbcbfnmbkopoojfekhnkhdbieeh/inject/index.js:4198:46
    at async Promise.all (index 0)
[   15922ms] TypeError: Cannot destructure property 'rule' of 'varDeclarations.get(...)' as it is undefined.
    at rebuildVarRule (chrome-extension://eimadpbcbfnmbkopoojfekhnkhdbieeh/inject/index.js:5801:24)
    at chrome-extension://eimadpbcbfnmbkopoojfekhnkhdbieeh/inject/index.js:5697:29
    at callback (chrome-extension://eimadpbcbfnmbkopoojfekhnkhdbieeh/inject/index.js:4701:25)
    at chrome-extension://eimadpbcbfnmbkopoojfekhnkhdbieeh/inject/index.js:4879:44
    at Set.forEach (<anonymous>)
    at VariablesStore.setVarFilterType (chrome-extension://eimadpbcbfnmbkopoojfekhnkhdbieeh/inject/index.js:4879:22)
    at pushFilter (chrome-extension://eimadpbcbfnmbkopoojfekhnkhdbieeh/inject/index.js:4674:46)
    at getBgImageValue (chrome-extension://eimadpbcbfnmbkopoojfekhnkhdbieeh/inject/index.js:4303:37)
    at chrome-extension://eimadpbcbfnmbkopoojfekhnkhdbieeh/inject/index.js:4198:46
    at async Promise.all (index 0)
[   15922ms] TypeError: Cannot destructure property 'rule' of 'varDeclarations.get(...)' as it is undefined.
    at rebuildVarRule (chrome-extension://eimadpbcbfnmbkopoojfekhnkhdbieeh/inject/index.js:5801:24)
    at chrome-extension://eimadpbcbfnmbkopoojfekhnkhdbieeh/inject/index.js:5697:29
    at callback (chrome-extension://eimadpbcbfnmbkopoojfekhnkhdbieeh/inject/index.js:4701:25)
    at chrome-extension://eimadpbcbfnmbkopoojfekhnkhdbieeh/inject/index.js:4879:44
    at Set.forEach (<anonymous>)
    at VariablesStore.setVarFilterType (chrome-extension://eimadpbcbfnmbkopoojfekhnkhdbieeh/inject/index.js:4879:22)
    at pushFilter (chrome-extension://eimadpbcbfnmbkopoojfekhnkhdbieeh/inject/index.js:4674:46)
    at getBgImageValue (chrome-extension://eimadpbcbfnmbkopoojfekhnkhdbieeh/inject/index.js:4303:37)
    at chrome-extension://eimadpbcbfnmbkopoojfekhnkhdbieeh/inject/index.js:4198:46
    at async Promise.all (index 0)
[   15924ms] TypeError: Cannot destructure property 'rule' of 'varDeclarations.get(...)' as it is undefined.
    at rebuildVarRule (chrome-extension://eimadpbcbfnmbkopoojfekhnkhdbieeh/inject/index.js:5801:24)
    at chrome-extension://eimadpbcbfnmbkopoojfekhnkhdbieeh/inject/index.js:5697:29
    at callback (chrome-extension://eimadpbcbfnmbkopoojfekhnkhdbieeh/inject/index.js:4701:25)
    at chrome-extension://eimadpbcbfnmbkopoojfekhnkhdbieeh/inject/index.js:4879:44
    at Set.forEach (<anonymous>)
    at VariablesStore.setVarFilterType (chrome-extension://eimadpbcbfnmbkopoojfekhnkhdbieeh/inject/index.js:4879:22)
    at pushFilter (chrome-extension://eimadpbcbfnmbkopoojfekhnkhdbieeh/inject/index.js:4674:46)
    at getBgImageValue (chrome-extension://eimadpbcbfnmbkopoojfekhnkhdbieeh/inject/index.js:4303:37)
    at chrome-extension://eimadpbcbfnmbkopoojfekhnkhdbieeh/inject/index.js:4198:46
    at async Promise.all (index 0)
[   15924ms] TypeError: Cannot destructure property 'rule' of 'varDeclarations.get(...)' as it is undefined.
    at rebuildVarRule (chrome-extension://eimadpbcbfnmbkopoojfekhnkhdbieeh/inject/index.js:5801:24)
    at chrome-extension://eimadpbcbfnmbkopoojfekhnkhdbieeh/inject/index.js:5697:29
    at callback (chrome-extension://eimadpbcbfnmbkopoojfekhnkhdbieeh/inject/index.js:4701:25)
    at chrome-extension://eimadpbcbfnmbkopoojfekhnkhdbieeh/inject/index.js:4879:44
    at Set.forEach (<anonymous>)
    at VariablesStore.setVarFilterType (chrome-extension://eimadpbcbfnmbkopoojfekhnkhdbieeh/inject/index.js:4879:22)
    at pushFilter (chrome-extension://eimadpbcbfnmbkopoojfekhnkhdbieeh/inject/index.js:4674:46)
    at getBgImageValue (chrome-extension://eimadpbcbfnmbkopoojfekhnkhdbieeh/inject/index.js:4303:37)
    at chrome-extension://eimadpbcbfnmbkopoojfekhnkhdbieeh/inject/index.js:4198:46
    at async Promise.all (index 0)
[   15924ms] TypeError: Cannot destructure property 'rule' of 'varDeclarations.get(...)' as it is undefined.
    at rebuildVarRule (chrome-extension://eimadpbcbfnmbkopoojfekhnkhdbieeh/inject/index.js:5801:24)
    at chrome-extension://eimadpbcbfnmbkopoojfekhnkhdbieeh/inject/index.js:5697:29
    at callback (chrome-extension://eimadpbcbfnmbkopoojfekhnkhdbieeh/inject/index.js:4701:25)
    at chrome-extension://eimadpbcbfnmbkopoojfekhnkhdbieeh/inject/index.js:4879:44
    at Set.forEach (<anonymous>)
    at VariablesStore.setVarFilterType (chrome-extension://eimadpbcbfnmbkopoojfekhnkhdbieeh/inject/index.js:4879:22)
    at pushFilter (chrome-extension://eimadpbcbfnmbkopoojfekhnkhdbieeh/inject/index.js:4674:46)
    at getBgImageValue (chrome-extension://eimadpbcbfnmbkopoojfekhnkhdbieeh/inject/index.js:4303:37)
    at chrome-extension://eimadpbcbfnmbkopoojfekhnkhdbieeh/inject/index.js:4198:46
    at async Promise.all (index 0)
[   15924ms] TypeError: Cannot destructure property 'rule' of 'varDeclarations.get(...)' as it is undefined.
    at rebuildVarRule (chrome-extension://eimadpbcbfnmbkopoojfekhnkhdbieeh/inject/index.js:5801:24)
    at chrome-extension://eimadpbcbfnmbkopoojfekhnkhdbieeh/inject/index.js:5697:29
    at callback (chrome-extension://eimadpbcbfnmbkopoojfekhnkhdbieeh/inject/index.js:4701:25)
    at chrome-extension://eimadpbcbfnmbkopoojfekhnkhdbieeh/inject/index.js:4879:44
    at Set.forEach (<anonymous>)
    at VariablesStore.setVarFilterType (chrome-extension://eimadpbcbfnmbkopoojfekhnkhdbieeh/inject/index.js:4879:22)
    at pushFilter (chrome-extension://eimadpbcbfnmbkopoojfekhnkhdbieeh/inject/index.js:4674:46)
    at getBgImageValue (chrome-extension://eimadpbcbfnmbkopoojfekhnkhdbieeh/inject/index.js:4303:37)
    at chrome-extension://eimadpbcbfnmbkopoojfekhnkhdbieeh/inject/index.js:4198:46
    at async Promise.all (index 0)
[   15924ms] TypeError: Cannot destructure property 'rule' of 'varDeclarations.get(...)' as it is undefined.
    at rebuildVarRule (chrome-extension://eimadpbcbfnmbkopoojfekhnkhdbieeh/inject/index.js:5801:24)
    at chrome-extension://eimadpbcbfnmbkopoojfekhnkhdbieeh/inject/index.js:5697:29
    at callback (chrome-extension://eimadpbcbfnmbkopoojfekhnkhdbieeh/inject/index.js:4701:25)
    at chrome-extension://eimadpbcbfnmbkopoojfekhnkhdbieeh/inject/index.js:4879:44
    at Set.forEach (<anonymous>)
    at VariablesStore.setVarFilterType (chrome-extension://eimadpbcbfnmbkopoojfekhnkhdbieeh/inject/index.js:4879:22)
    at pushFilter (chrome-extension://eimadpbcbfnmbkopoojfekhnkhdbieeh/inject/index.js:4674:46)
    at getBgImageValue (chrome-extension://eimadpbcbfnmbkopoojfekhnkhdbieeh/inject/index.js:4303:37)
    at chrome-extension://eimadpbcbfnmbkopoojfekhnkhdbieeh/inject/index.js:4198:46
    at async Promise.all (index 0)
[   15929ms] TypeError: Cannot destructure property 'rule' of 'varDeclarations.get(...)' as it is undefined.
    at rebuildVarRule (chrome-extension://eimadpbcbfnmbkopoojfekhnkhdbieeh/inject/index.js:5801:24)
    at chrome-extension://eimadpbcbfnmbkopoojfekhnkhdbieeh/inject/index.js:5697:29
    at callback (chrome-extension://eimadpbcbfnmbkopoojfekhnkhdbieeh/inject/index.js:4701:25)
    at chrome-extension://eimadpbcbfnmbkopoojfekhnkhdbieeh/inject/index.js:4879:44
    at Set.forEach (<anonymous>)
    at VariablesStore.setVarFilterType (chrome-extension://eimadpbcbfnmbkopoojfekhnkhdbieeh/inject/index.js:4879:22)
    at pushFilter (chrome-extension://eimadpbcbfnmbkopoojfekhnkhdbieeh/inject/index.js:4674:46)
    at getBgImageValue (chrome-extension://eimadpbcbfnmbkopoojfekhnkhdbieeh/inject/index.js:4303:37)
    at chrome-extension://eimadpbcbfnmbkopoojfekhnkhdbieeh/inject/index.js:4198:46
    at async Promise.all (index 0)
[   15929ms] TypeError: Cannot destructure property 'rule' of 'varDeclarations.get(...)' as it is undefined.
    at rebuildVarRule (chrome-extension://eimadpbcbfnmbkopoojfekhnkhdbieeh/inject/index.js:5801:24)
    at chrome-extension://eimadpbcbfnmbkopoojfekhnkhdbieeh/inject/index.js:5697:29
    at callback (chrome-extension://eimadpbcbfnmbkopoojfekhnkhdbieeh/inject/index.js:4701:25)
    at chrome-extension://eimadpbcbfnmbkopoojfekhnkhdbieeh/inject/index.js:4879:44
    at Set.forEach (<anonymous>)
    at VariablesStore.setVarFilterType (chrome-extension://eimadpbcbfnmbkopoojfekhnkhdbieeh/inject/index.js:4879:22)
    at pushFilter (chrome-extension://eimadpbcbfnmbkopoojfekhnkhdbieeh/inject/index.js:4674:46)
    at getBgImageValue (chrome-extension://eimadpbcbfnmbkopoojfekhnkhdbieeh/inject/index.js:4303:37)
    at chrome-extension://eimadpbcbfnmbkopoojfekhnkhdbieeh/inject/index.js:4198:46
    at async Promise.all (index 0)
[   15940ms] TypeError: Cannot destructure property 'rule' of 'varDeclarations.get(...)' as it is undefined.
    at rebuildVarRule (chrome-extension://eimadpbcbfnmbkopoojfekhnkhdbieeh/inject/index.js:5801:24)
    at chrome-extension://eimadpbcbfnmbkopoojfekhnkhdbieeh/inject/index.js:5697:29
    at callback (chrome-extension://eimadpbcbfnmbkopoojfekhnkhdbieeh/inject/index.js:4701:25)
    at chrome-extension://eimadpbcbfnmbkopoojfekhnkhdbieeh/inject/index.js:4879:44
    at Set.forEach (<anonymous>)
    at VariablesStore.setVarFilterType (chrome-extension://eimadpbcbfnmbkopoojfekhnkhdbieeh/inject/index.js:4879:22)
    at pushFilter (chrome-extension://eimadpbcbfnmbkopoojfekhnkhdbieeh/inject/index.js:4674:46)
    at getBgImageValue (chrome-extension://eimadpbcbfnmbkopoojfekhnkhdbieeh/inject/index.js:4283:37)
    at chrome-extension://eimadpbcbfnmbkopoojfekhnkhdbieeh/inject/index.js:4198:46
    at async Promise.all (index 0)
[   15940ms] TypeError: Cannot destructure property 'rule' of 'varDeclarations.get(...)' as it is undefined.
    at rebuildVarRule (chrome-extension://eimadpbcbfnmbkopoojfekhnkhdbieeh/inject/index.js:5801:24)
    at chrome-extension://eimadpbcbfnmbkopoojfekhnkhdbieeh/inject/index.js:5697:29
    at callback (chrome-extension://eimadpbcbfnmbkopoojfekhnkhdbieeh/inject/index.js:4701:25)
    at chrome-extension://eimadpbcbfnmbkopoojfekhnkhdbieeh/inject/index.js:4879:44
    at Set.forEach (<anonymous>)
    at VariablesStore.setVarFilterType (chrome-extension://eimadpbcbfnmbkopoojfekhnkhdbieeh/inject/index.js:4879:22)
    at pushFilter (chrome-extension://eimadpbcbfnmbkopoojfekhnkhdbieeh/inject/index.js:4674:46)
    at getBgImageValue (chrome-extension://eimadpbcbfnmbkopoojfekhnkhdbieeh/inject/index.js:4303:37)
    at chrome-extension://eimadpbcbfnmbkopoojfekhnkhdbieeh/inject/index.js:4198:46
    at async Promise.all (index 0)
[   15946ms] TypeError: Cannot destructure property 'rule' of 'varDeclarations.get(...)' as it is undefined.
    at rebuildVarRule (chrome-extension://eimadpbcbfnmbkopoojfekhnkhdbieeh/inject/index.js:5801:24)
    at chrome-extension://eimadpbcbfnmbkopoojfekhnkhdbieeh/inject/index.js:5697:29
    at callback (chrome-extension://eimadpbcbfnmbkopoojfekhnkhdbieeh/inject/index.js:4701:25)
    at chrome-extension://eimadpbcbfnmbkopoojfekhnkhdbieeh/inject/index.js:4879:44
    at Set.forEach (<anonymous>)
    at VariablesStore.setVarFilterType (chrome-extension://eimadpbcbfnmbkopoojfekhnkhdbieeh/inject/index.js:4879:22)
    at pushFilter (chrome-extension://eimadpbcbfnmbkopoojfekhnkhdbieeh/inject/index.js:4674:46)
    at getBgImageValue (chrome-extension://eimadpbcbfnmbkopoojfekhnkhdbieeh/inject/index.js:4303:37)
    at chrome-extension://eimadpbcbfnmbkopoojfekhnkhdbieeh/inject/index.js:4198:46
    at async Promise.all (index 0)
[   15946ms] TypeError: Cannot destructure property 'rule' of 'varDeclarations.get(...)' as it is undefined.
    at rebuildVarRule (chrome-extension://eimadpbcbfnmbkopoojfekhnkhdbieeh/inject/index.js:5801:24)
    at chrome-extension://eimadpbcbfnmbkopoojfekhnkhdbieeh/inject/index.js:5697:29
    at callback (chrome-extension://eimadpbcbfnmbkopoojfekhnkhdbieeh/inject/index.js:4701:25)
    at chrome-extension://eimadpbcbfnmbkopoojfekhnkhdbieeh/inject/index.js:4879:44
    at Set.forEach (<anonymous>)
    at VariablesStore.setVarFilterType (chrome-extension://eimadpbcbfnmbkopoojfekhnkhdbieeh/inject/index.js:4879:22)
    at pushFilter (chrome-extension://eimadpbcbfnmbkopoojfekhnkhdbieeh/inject/index.js:4674:46)
    at getBgImageValue (chrome-extension://eimadpbcbfnmbkopoojfekhnkhdbieeh/inject/index.js:4303:37)
    at chrome-extension://eimadpbcbfnmbkopoojfekhnkhdbieeh/inject/index.js:4198:46
    at async Promise.all (index 0)
[   15946ms] TypeError: Cannot destructure property 'rule' of 'varDeclarations.get(...)' as it is undefined.
    at rebuildVarRule (chrome-extension://eimadpbcbfnmbkopoojfekhnkhdbieeh/inject/index.js:5801:24)
    at chrome-extension://eimadpbcbfnmbkopoojfekhnkhdbieeh/inject/index.js:5697:29
    at callback (chrome-extension://eimadpbcbfnmbkopoojfekhnkhdbieeh/inject/index.js:4701:25)
    at chrome-extension://eimadpbcbfnmbkopoojfekhnkhdbieeh/inject/index.js:4879:44
    at Set.forEach (<anonymous>)
    at VariablesStore.setVarFilterType (chrome-extension://eimadpbcbfnmbkopoojfekhnkhdbieeh/inject/index.js:4879:22)
    at pushFilter (chrome-extension://eimadpbcbfnmbkopoojfekhnkhdbieeh/inject/index.js:4674:46)
    at getBgImageValue (chrome-extension://eimadpbcbfnmbkopoojfekhnkhdbieeh/inject/index.js:4303:37)
    at chrome-extension://eimadpbcbfnmbkopoojfekhnkhdbieeh/inject/index.js:4198:46
    at async Promise.all (index 0)
[   15947ms] TypeError: Cannot destructure property 'rule' of 'varDeclarations.get(...)' as it is undefined.
    at rebuildVarRule (chrome-extension://eimadpbcbfnmbkopoojfekhnkhdbieeh/inject/index.js:5801:24)
    at chrome-extension://eimadpbcbfnmbkopoojfekhnkhdbieeh/inject/index.js:5697:29
    at callback (chrome-extension://eimadpbcbfnmbkopoojfekhnkhdbieeh/inject/index.js:4701:25)
    at chrome-extension://eimadpbcbfnmbkopoojfekhnkhdbieeh/inject/index.js:4879:44
    at Set.forEach (<anonymous>)
    at VariablesStore.setVarFilterType (chrome-extension://eimadpbcbfnmbkopoojfekhnkhdbieeh/inject/index.js:4879:22)
    at pushFilter (chrome-extension://eimadpbcbfnmbkopoojfekhnkhdbieeh/inject/index.js:4674:46)
    at getBgImageValue (chrome-extension://eimadpbcbfnmbkopoojfekhnkhdbieeh/inject/index.js:4303:37)
    at chrome-extension://eimadpbcbfnmbkopoojfekhnkhdbieeh/inject/index.js:4198:46
    at async Promise.all (index 0)
[   15947ms] TypeError: Cannot destructure property 'rule' of 'varDeclarations.get(...)' as it is undefined.
    at rebuildVarRule (chrome-extension://eimadpbcbfnmbkopoojfekhnkhdbieeh/inject/index.js:5801:24)
    at chrome-extension://eimadpbcbfnmbkopoojfekhnkhdbieeh/inject/index.js:5697:29
    at callback (chrome-extension://eimadpbcbfnmbkopoojfekhnkhdbieeh/inject/index.js:4701:25)
    at chrome-extension://eimadpbcbfnmbkopoojfekhnkhdbieeh/inject/index.js:4879:44
    at Set.forEach (<anonymous>)
    at VariablesStore.setVarFilterType (chrome-extension://eimadpbcbfnmbkopoojfekhnkhdbieeh/inject/index.js:4879:22)
    at pushFilter (chrome-extension://eimadpbcbfnmbkopoojfekhnkhdbieeh/inject/index.js:4674:46)
    at getBgImageValue (chrome-extension://eimadpbcbfnmbkopoojfekhnkhdbieeh/inject/index.js:4303:37)
    at chrome-extension://eimadpbcbfnmbkopoojfekhnkhdbieeh/inject/index.js:4198:46
    at async Promise.all (index 0)
[   15947ms] TypeError: Cannot destructure property 'rule' of 'varDeclarations.get(...)' as it is undefined.
    at rebuildVarRule (chrome-extension://eimadpbcbfnmbkopoojfekhnkhdbieeh/inject/index.js:5801:24)
    at chrome-extension://eimadpbcbfnmbkopoojfekhnkhdbieeh/inject/index.js:5697:29
    at callback (chrome-extension://eimadpbcbfnmbkopoojfekhnkhdbieeh/inject/index.js:4701:25)
    at chrome-extension://eimadpbcbfnmbkopoojfekhnkhdbieeh/inject/index.js:4879:44
    at Set.forEach (<anonymous>)
    at VariablesStore.setVarFilterType (chrome-extension://eimadpbcbfnmbkopoojfekhnkhdbieeh/inject/index.js:4879:22)
    at pushFilter (chrome-extension://eimadpbcbfnmbkopoojfekhnkhdbieeh/inject/index.js:4674:46)
    at getBgImageValue (chrome-extension://eimadpbcbfnmbkopoojfekhnkhdbieeh/inject/index.js:4303:37)
    at chrome-extension://eimadpbcbfnmbkopoojfekhnkhdbieeh/inject/index.js:4198:46
    at async Promise.all (index 0)
[   15951ms] TypeError: Cannot destructure property 'rule' of 'varDeclarations.get(...)' as it is undefined.
    at rebuildVarRule (chrome-extension://eimadpbcbfnmbkopoojfekhnkhdbieeh/inject/index.js:5801:24)
    at chrome-extension://eimadpbcbfnmbkopoojfekhnkhdbieeh/inject/index.js:5697:29
    at callback (chrome-extension://eimadpbcbfnmbkopoojfekhnkhdbieeh/inject/index.js:4701:25)
    at chrome-extension://eimadpbcbfnmbkopoojfekhnkhdbieeh/inject/index.js:4879:44
    at Set.forEach (<anonymous>)
    at VariablesStore.setVarFilterType (chrome-extension://eimadpbcbfnmbkopoojfekhnkhdbieeh/inject/index.js:4879:22)
    at pushFilter (chrome-extension://eimadpbcbfnmbkopoojfekhnkhdbieeh/inject/index.js:4674:46)
    at getBgImageValue (chrome-extension://eimadpbcbfnmbkopoojfekhnkhdbieeh/inject/index.js:4303:37)
    at chrome-extension://eimadpbcbfnmbkopoojfekhnkhdbieeh/inject/index.js:4198:46
    at async Promise.all (index 0)
[   15952ms] TypeError: Cannot destructure property 'rule' of 'varDeclarations.get(...)' as it is undefined.
    at rebuildVarRule (chrome-extension://eimadpbcbfnmbkopoojfekhnkhdbieeh/inject/index.js:5801:24)
    at chrome-extension://eimadpbcbfnmbkopoojfekhnkhdbieeh/inject/index.js:5697:29
    at callback (chrome-extension://eimadpbcbfnmbkopoojfekhnkhdbieeh/inject/index.js:4701:25)
    at chrome-extension://eimadpbcbfnmbkopoojfekhnkhdbieeh/inject/index.js:4879:44
    at Set.forEach (<anonymous>)
    at VariablesStore.setVarFilterType (chrome-extension://eimadpbcbfnmbkopoojfekhnkhdbieeh/inject/index.js:4879:22)
    at pushFilter (chrome-extension://eimadpbcbfnmbkopoojfekhnkhdbieeh/inject/index.js:4674:46)
    at getBgImageValue (chrome-extension://eimadpbcbfnmbkopoojfekhnkhdbieeh/inject/index.js:4303:37)
    at chrome-extension://eimadpbcbfnmbkopoojfekhnkhdbieeh/inject/index.js:4198:46
    at async Promise.all (index 0)
[   15952ms] TypeError: Cannot destructure property 'rule' of 'varDeclarations.get(...)' as it is undefined.
    at rebuildVarRule (chrome-extension://eimadpbcbfnmbkopoojfekhnkhdbieeh/inject/index.js:5801:24)
    at chrome-extension://eimadpbcbfnmbkopoojfekhnkhdbieeh/inject/index.js:5697:29
    at callback (chrome-extension://eimadpbcbfnmbkopoojfekhnkhdbieeh/inject/index.js:4701:25)
    at chrome-extension://eimadpbcbfnmbkopoojfekhnkhdbieeh/inject/index.js:4879:44
    at Set.forEach (<anonymous>)
    at VariablesStore.setVarFilterType (chrome-extension://eimadpbcbfnmbkopoojfekhnkhdbieeh/inject/index.js:4879:22)
    at pushFilter (chrome-extension://eimadpbcbfnmbkopoojfekhnkhdbieeh/inject/index.js:4674:46)
    at getBgImageValue (chrome-extension://eimadpbcbfnmbkopoojfekhnkhdbieeh/inject/index.js:4303:37)
    at chrome-extension://eimadpbcbfnmbkopoojfekhnkhdbieeh/inject/index.js:4198:46
    at async Promise.all (index 0)
[   15952ms] TypeError: Cannot destructure property 'rule' of 'varDeclarations.get(...)' as it is undefined.
    at rebuildVarRule (chrome-extension://eimadpbcbfnmbkopoojfekhnkhdbieeh/inject/index.js:5801:24)
    at chrome-extension://eimadpbcbfnmbkopoojfekhnkhdbieeh/inject/index.js:5697:29
    at callback (chrome-extension://eimadpbcbfnmbkopoojfekhnkhdbieeh/inject/index.js:4701:25)
    at chrome-extension://eimadpbcbfnmbkopoojfekhnkhdbieeh/inject/index.js:4879:44
    at Set.forEach (<anonymous>)
    at VariablesStore.setVarFilterType (chrome-extension://eimadpbcbfnmbkopoojfekhnkhdbieeh/inject/index.js:4879:22)
    at pushFilter (chrome-extension://eimadpbcbfnmbkopoojfekhnkhdbieeh/inject/index.js:4674:46)
    at getBgImageValue (chrome-extension://eimadpbcbfnmbkopoojfekhnkhdbieeh/inject/index.js:4303:37)
    at chrome-extension://eimadpbcbfnmbkopoojfekhnkhdbieeh/inject/index.js:4198:46
    at async Promise.all (index 0)
[   15966ms] TypeError: Cannot destructure property 'rule' of 'varDeclarations.get(...)' as it is undefined.
    at rebuildVarRule (chrome-extension://eimadpbcbfnmbkopoojfekhnkhdbieeh/inject/index.js:5801:24)
    at chrome-extension://eimadpbcbfnmbkopoojfekhnkhdbieeh/inject/index.js:5697:29
    at callback (chrome-extension://eimadpbcbfnmbkopoojfekhnkhdbieeh/inject/index.js:4701:25)
    at chrome-extension://eimadpbcbfnmbkopoojfekhnkhdbieeh/inject/index.js:4879:44
    at Set.forEach (<anonymous>)
    at VariablesStore.setVarFilterType (chrome-extension://eimadpbcbfnmbkopoojfekhnkhdbieeh/inject/index.js:4879:22)
    at pushFilter (chrome-extension://eimadpbcbfnmbkopoojfekhnkhdbieeh/inject/index.js:4674:46)
    at getBgImageValue (chrome-extension://eimadpbcbfnmbkopoojfekhnkhdbieeh/inject/index.js:4303:37)
    at chrome-extension://eimadpbcbfnmbkopoojfekhnkhdbieeh/inject/index.js:4198:46
    at async Promise.all (index 0)
[   15971ms] TypeError: Cannot destructure property 'rule' of 'varDeclarations.get(...)' as it is undefined.
    at rebuildVarRule (chrome-extension://eimadpbcbfnmbkopoojfekhnkhdbieeh/inject/index.js:5801:24)
    at chrome-extension://eimadpbcbfnmbkopoojfekhnkhdbieeh/inject/index.js:5697:29
    at callback (chrome-extension://eimadpbcbfnmbkopoojfekhnkhdbieeh/inject/index.js:4701:25)
    at chrome-extension://eimadpbcbfnmbkopoojfekhnkhdbieeh/inject/index.js:4879:44
    at Set.forEach (<anonymous>)
    at VariablesStore.setVarFilterType (chrome-extension://eimadpbcbfnmbkopoojfekhnkhdbieeh/inject/index.js:4879:22)
    at pushFilter (chrome-extension://eimadpbcbfnmbkopoojfekhnkhdbieeh/inject/index.js:4674:46)
    at getBgImageValue (chrome-extension://eimadpbcbfnmbkopoojfekhnkhdbieeh/inject/index.js:4303:37)
    at chrome-extension://eimadpbcbfnmbkopoojfekhnkhdbieeh/inject/index.js:4198:46
    at async Promise.all (index 0)
[   15971ms] TypeError: Cannot destructure property 'rule' of 'varDeclarations.get(...)' as it is undefined.
    at rebuildVarRule (chrome-extension://eimadpbcbfnmbkopoojfekhnkhdbieeh/inject/index.js:5801:24)
    at chrome-extension://eimadpbcbfnmbkopoojfekhnkhdbieeh/inject/index.js:5697:29
    at callback (chrome-extension://eimadpbcbfnmbkopoojfekhnkhdbieeh/inject/index.js:4701:25)
    at chrome-extension://eimadpbcbfnmbkopoojfekhnkhdbieeh/inject/index.js:4879:44
    at Set.forEach (<anonymous>)
    at VariablesStore.setVarFilterType (chrome-extension://eimadpbcbfnmbkopoojfekhnkhdbieeh/inject/index.js:4879:22)
    at pushFilter (chrome-extension://eimadpbcbfnmbkopoojfekhnkhdbieeh/inject/index.js:4674:46)
    at getBgImageValue (chrome-extension://eimadpbcbfnmbkopoojfekhnkhdbieeh/inject/index.js:4303:37)
    at chrome-extension://eimadpbcbfnmbkopoojfekhnkhdbieeh/inject/index.js:4198:46
    at async Promise.all (index 0)
[   15971ms] TypeError: Cannot destructure property 'rule' of 'varDeclarations.get(...)' as it is undefined.
    at rebuildVarRule (chrome-extension://eimadpbcbfnmbkopoojfekhnkhdbieeh/inject/index.js:5801:24)
    at chrome-extension://eimadpbcbfnmbkopoojfekhnkhdbieeh/inject/index.js:5697:29
    at callback (chrome-extension://eimadpbcbfnmbkopoojfekhnkhdbieeh/inject/index.js:4701:25)
    at chrome-extension://eimadpbcbfnmbkopoojfekhnkhdbieeh/inject/index.js:4879:44
    at Set.forEach (<anonymous>)
    at VariablesStore.setVarFilterType (chrome-extension://eimadpbcbfnmbkopoojfekhnkhdbieeh/inject/index.js:4879:22)
    at pushFilter (chrome-extension://eimadpbcbfnmbkopoojfekhnkhdbieeh/inject/index.js:4674:46)
    at getBgImageValue (chrome-extension://eimadpbcbfnmbkopoojfekhnkhdbieeh/inject/index.js:4303:37)
    at chrome-extension://eimadpbcbfnmbkopoojfekhnkhdbieeh/inject/index.js:4198:46
    at async Promise.all (index 0)
[   15971ms] TypeError: Cannot destructure property 'rule' of 'varDeclarations.get(...)' as it is undefined.
    at rebuildVarRule (chrome-extension://eimadpbcbfnmbkopoojfekhnkhdbieeh/inject/index.js:5801:24)
    at chrome-extension://eimadpbcbfnmbkopoojfekhnkhdbieeh/inject/index.js:5697:29
    at callback (chrome-extension://eimadpbcbfnmbkopoojfekhnkhdbieeh/inject/index.js:4701:25)
    at chrome-extension://eimadpbcbfnmbkopoojfekhnkhdbieeh/inject/index.js:4879:44
    at Set.forEach (<anonymous>)
    at VariablesStore.setVarFilterType (chrome-extension://eimadpbcbfnmbkopoojfekhnkhdbieeh/inject/index.js:4879:22)
    at pushFilter (chrome-extension://eimadpbcbfnmbkopoojfekhnkhdbieeh/inject/index.js:4674:46)
    at getBgImageValue (chrome-extension://eimadpbcbfnmbkopoojfekhnkhdbieeh/inject/index.js:4303:37)
    at chrome-extension://eimadpbcbfnmbkopoojfekhnkhdbieeh/inject/index.js:4198:46
    at async Promise.all (index 0)
[   15972ms] TypeError: Cannot destructure property 'rule' of 'varDeclarations.get(...)' as it is undefined.
    at rebuildVarRule (chrome-extension://eimadpbcbfnmbkopoojfekhnkhdbieeh/inject/index.js:5801:24)
    at chrome-extension://eimadpbcbfnmbkopoojfekhnkhdbieeh/inject/index.js:5697:29
    at callback (chrome-extension://eimadpbcbfnmbkopoojfekhnkhdbieeh/inject/index.js:4701:25)
    at chrome-extension://eimadpbcbfnmbkopoojfekhnkhdbieeh/inject/index.js:4879:44
    at Set.forEach (<anonymous>)
    at VariablesStore.setVarFilterType (chrome-extension://eimadpbcbfnmbkopoojfekhnkhdbieeh/inject/index.js:4879:22)
    at pushFilter (chrome-extension://eimadpbcbfnmbkopoojfekhnkhdbieeh/inject/index.js:4674:46)
    at getBgImageValue (chrome-extension://eimadpbcbfnmbkopoojfekhnkhdbieeh/inject/index.js:4303:37)
    at chrome-extension://eimadpbcbfnmbkopoojfekhnkhdbieeh/inject/index.js:4198:46
    at async Promise.all (index 0)
[   15972ms] TypeError: Cannot destructure property 'rule' of 'varDeclarations.get(...)' as it is undefined.
    at rebuildVarRule (chrome-extension://eimadpbcbfnmbkopoojfekhnkhdbieeh/inject/index.js:5801:24)
    at chrome-extension://eimadpbcbfnmbkopoojfekhnkhdbieeh/inject/index.js:5697:29
    at callback (chrome-extension://eimadpbcbfnmbkopoojfekhnkhdbieeh/inject/index.js:4701:25)
    at chrome-extension://eimadpbcbfnmbkopoojfekhnkhdbieeh/inject/index.js:4879:44
    at Set.forEach (<anonymous>)
    at VariablesStore.setVarFilterType (chrome-extension://eimadpbcbfnmbkopoojfekhnkhdbieeh/inject/index.js:4879:22)
    at pushFilter (chrome-extension://eimadpbcbfnmbkopoojfekhnkhdbieeh/inject/index.js:4674:46)
    at getBgImageValue (chrome-extension://eimadpbcbfnmbkopoojfekhnkhdbieeh/inject/index.js:4303:37)
    at chrome-extension://eimadpbcbfnmbkopoojfekhnkhdbieeh/inject/index.js:4198:46
    at async Promise.all (index 0)
[   15972ms] TypeError: Cannot destructure property 'rule' of 'varDeclarations.get(...)' as it is undefined.
    at rebuildVarRule (chrome-extension://eimadpbcbfnmbkopoojfekhnkhdbieeh/inject/index.js:5801:24)
    at chrome-extension://eimadpbcbfnmbkopoojfekhnkhdbieeh/inject/index.js:5697:29
    at callback (chrome-extension://eimadpbcbfnmbkopoojfekhnkhdbieeh/inject/index.js:4701:25)
    at chrome-extension://eimadpbcbfnmbkopoojfekhnkhdbieeh/inject/index.js:4879:44
    at Set.forEach (<anonymous>)
    at VariablesStore.setVarFilterType (chrome-extension://eimadpbcbfnmbkopoojfekhnkhdbieeh/inject/index.js:4879:22)
    at pushFilter (chrome-extension://eimadpbcbfnmbkopoojfekhnkhdbieeh/inject/index.js:4674:46)
    at getBgImageValue (chrome-extension://eimadpbcbfnmbkopoojfekhnkhdbieeh/inject/index.js:4303:37)
    at chrome-extension://eimadpbcbfnmbkopoojfekhnkhdbieeh/inject/index.js:4198:46
    at async Promise.all (index 0)
[   15972ms] TypeError: Cannot destructure property 'rule' of 'varDeclarations.get(...)' as it is undefined.
    at rebuildVarRule (chrome-extension://eimadpbcbfnmbkopoojfekhnkhdbieeh/inject/index.js:5801:24)
    at chrome-extension://eimadpbcbfnmbkopoojfekhnkhdbieeh/inject/index.js:5697:29
    at callback (chrome-extension://eimadpbcbfnmbkopoojfekhnkhdbieeh/inject/index.js:4701:25)
    at chrome-extension://eimadpbcbfnmbkopoojfekhnkhdbieeh/inject/index.js:4879:44
    at Set.forEach (<anonymous>)
    at VariablesStore.setVarFilterType (chrome-extension://eimadpbcbfnmbkopoojfekhnkhdbieeh/inject/index.js:4879:22)
    at pushFilter (chrome-extension://eimadpbcbfnmbkopoojfekhnkhdbieeh/inject/index.js:4674:46)
    at getBgImageValue (chrome-extension://eimadpbcbfnmbkopoojfekhnkhdbieeh/inject/index.js:4303:37)
    at chrome-extension://eimadpbcbfnmbkopoojfekhnkhdbieeh/inject/index.js:4198:46
    at async Promise.all (index 0)
[   15975ms] TypeError: Cannot destructure property 'rule' of 'varDeclarations.get(...)' as it is undefined.
    at rebuildVarRule (chrome-extension://eimadpbcbfnmbkopoojfekhnkhdbieeh/inject/index.js:5801:24)
    at chrome-extension://eimadpbcbfnmbkopoojfekhnkhdbieeh/inject/index.js:5697:29
    at callback (chrome-extension://eimadpbcbfnmbkopoojfekhnkhdbieeh/inject/index.js:4701:25)
    at chrome-extension://eimadpbcbfnmbkopoojfekhnkhdbieeh/inject/index.js:4879:44
    at Set.forEach (<anonymous>)
    at VariablesStore.setVarFilterType (chrome-extension://eimadpbcbfnmbkopoojfekhnkhdbieeh/inject/index.js:4879:22)
    at pushFilter (chrome-extension://eimadpbcbfnmbkopoojfekhnkhdbieeh/inject/index.js:4674:46)
    at getBgImageValue (chrome-extension://eimadpbcbfnmbkopoojfekhnkhdbieeh/inject/index.js:4283:37)
    at chrome-extension://eimadpbcbfnmbkopoojfekhnkhdbieeh/inject/index.js:4198:46
    at async Promise.all (index 0)
[   15975ms] TypeError: Cannot destructure property 'rule' of 'varDeclarations.get(...)' as it is undefined.
    at rebuildVarRule (chrome-extension://eimadpbcbfnmbkopoojfekhnkhdbieeh/inject/index.js:5801:24)
    at chrome-extension://eimadpbcbfnmbkopoojfekhnkhdbieeh/inject/index.js:5697:29
    at callback (chrome-extension://eimadpbcbfnmbkopoojfekhnkhdbieeh/inject/index.js:4701:25)
    at chrome-extension://eimadpbcbfnmbkopoojfekhnkhdbieeh/inject/index.js:4879:44
    at Set.forEach (<anonymous>)
    at VariablesStore.setVarFilterType (chrome-extension://eimadpbcbfnmbkopoojfekhnkhdbieeh/inject/index.js:4879:22)
    at pushFilter (chrome-extension://eimadpbcbfnmbkopoojfekhnkhdbieeh/inject/index.js:4674:46)
    at getBgImageValue (chrome-extension://eimadpbcbfnmbkopoojfekhnkhdbieeh/inject/index.js:4303:37)
    at chrome-extension://eimadpbcbfnmbkopoojfekhnkhdbieeh/inject/index.js:4198:46
    at async Promise.all (index 0)
[   15975ms] TypeError: Cannot destructure property 'rule' of 'varDeclarations.get(...)' as it is undefined.
    at rebuildVarRule (chrome-extension://eimadpbcbfnmbkopoojfekhnkhdbieeh/inject/index.js:5801:24)
    at chrome-extension://eimadpbcbfnmbkopoojfekhnkhdbieeh/inject/index.js:5697:29
    at callback (chrome-extension://eimadpbcbfnmbkopoojfekhnkhdbieeh/inject/index.js:4701:25)
    at chrome-extension://eimadpbcbfnmbkopoojfekhnkhdbieeh/inject/index.js:4879:44
    at Set.forEach (<anonymous>)
    at VariablesStore.setVarFilterType (chrome-extension://eimadpbcbfnmbkopoojfekhnkhdbieeh/inject/index.js:4879:22)
    at pushFilter (chrome-extension://eimadpbcbfnmbkopoojfekhnkhdbieeh/inject/index.js:4674:46)
    at getBgImageValue (chrome-extension://eimadpbcbfnmbkopoojfekhnkhdbieeh/inject/index.js:4303:37)
    at chrome-extension://eimadpbcbfnmbkopoojfekhnkhdbieeh/inject/index.js:4198:46
    at async Promise.all (index 0)
[   15977ms] TypeError: Cannot destructure property 'rule' of 'varDeclarations.get(...)' as it is undefined.
    at rebuildVarRule (chrome-extension://eimadpbcbfnmbkopoojfekhnkhdbieeh/inject/index.js:5801:24)
    at chrome-extension://eimadpbcbfnmbkopoojfekhnkhdbieeh/inject/index.js:5697:29
    at callback (chrome-extension://eimadpbcbfnmbkopoojfekhnkhdbieeh/inject/index.js:4701:25)
    at chrome-extension://eimadpbcbfnmbkopoojfekhnkhdbieeh/inject/index.js:4879:44
    at Set.forEach (<anonymous>)
    at VariablesStore.setVarFilterType (chrome-extension://eimadpbcbfnmbkopoojfekhnkhdbieeh/inject/index.js:4879:22)
    at pushFilter (chrome-extension://eimadpbcbfnmbkopoojfekhnkhdbieeh/inject/index.js:4674:46)
    at getBgImageValue (chrome-extension://eimadpbcbfnmbkopoojfekhnkhdbieeh/inject/index.js:4303:37)
    at chrome-extension://eimadpbcbfnmbkopoojfekhnkhdbieeh/inject/index.js:4198:46
    at async Promise.all (index 0)
[   15977ms] TypeError: Cannot destructure property 'rule' of 'varDeclarations.get(...)' as it is undefined.
    at rebuildVarRule (chrome-extension://eimadpbcbfnmbkopoojfekhnkhdbieeh/inject/index.js:5801:24)
    at chrome-extension://eimadpbcbfnmbkopoojfekhnkhdbieeh/inject/index.js:5697:29
    at callback (chrome-extension://eimadpbcbfnmbkopoojfekhnkhdbieeh/inject/index.js:4701:25)
    at chrome-extension://eimadpbcbfnmbkopoojfekhnkhdbieeh/inject/index.js:4879:44
    at Set.forEach (<anonymous>)
    at VariablesStore.setVarFilterType (chrome-extension://eimadpbcbfnmbkopoojfekhnkhdbieeh/inject/index.js:4879:22)
    at pushFilter (chrome-extension://eimadpbcbfnmbkopoojfekhnkhdbieeh/inject/index.js:4674:46)
    at getBgImageValue (chrome-extension://eimadpbcbfnmbkopoojfekhnkhdbieeh/inject/index.js:4303:37)
    at chrome-extension://eimadpbcbfnmbkopoojfekhnkhdbieeh/inject/index.js:4198:46
    at async Promise.all (index 0)
[   15990ms] TypeError: Cannot destructure property 'rule' of 'varDeclarations.get(...)' as it is undefined.
    at rebuildVarRule (chrome-extension://eimadpbcbfnmbkopoojfekhnkhdbieeh/inject/index.js:5801:24)
    at chrome-extension://eimadpbcbfnmbkopoojfekhnkhdbieeh/inject/index.js:5697:29
    at callback (chrome-extension://eimadpbcbfnmbkopoojfekhnkhdbieeh/inject/index.js:4701:25)
    at chrome-extension://eimadpbcbfnmbkopoojfekhnkhdbieeh/inject/index.js:4879:44
    at Set.forEach (<anonymous>)
    at VariablesStore.setVarFilterType (chrome-extension://eimadpbcbfnmbkopoojfekhnkhdbieeh/inject/index.js:4879:22)
    at pushFilter (chrome-extension://eimadpbcbfnmbkopoojfekhnkhdbieeh/inject/index.js:4674:46)
    at getBgImageValue (chrome-extension://eimadpbcbfnmbkopoojfekhnkhdbieeh/inject/index.js:4303:37)
    at chrome-extension://eimadpbcbfnmbkopoojfekhnkhdbieeh/inject/index.js:4198:46
    at async Promise.all (index 0)
[   15996ms] TypeError: Cannot destructure property 'rule' of 'varDeclarations.get(...)' as it is undefined.
    at rebuildVarRule (chrome-extension://eimadpbcbfnmbkopoojfekhnkhdbieeh/inject/index.js:5801:24)
    at chrome-extension://eimadpbcbfnmbkopoojfekhnkhdbieeh/inject/index.js:5697:29
    at callback (chrome-extension://eimadpbcbfnmbkopoojfekhnkhdbieeh/inject/index.js:4701:25)
    at chrome-extension://eimadpbcbfnmbkopoojfekhnkhdbieeh/inject/index.js:4879:44
    at Set.forEach (<anonymous>)
    at VariablesStore.setVarFilterType (chrome-extension://eimadpbcbfnmbkopoojfekhnkhdbieeh/inject/index.js:4879:22)
    at pushFilter (chrome-extension://eimadpbcbfnmbkopoojfekhnkhdbieeh/inject/index.js:4674:46)
    at getBgImageValue (chrome-extension://eimadpbcbfnmbkopoojfekhnkhdbieeh/inject/index.js:4303:37)
    at chrome-extension://eimadpbcbfnmbkopoojfekhnkhdbieeh/inject/index.js:4198:46
    at async Promise.all (index 0)
[   15996ms] TypeError: Cannot destructure property 'rule' of 'varDeclarations.get(...)' as it is undefined.
    at rebuildVarRule (chrome-extension://eimadpbcbfnmbkopoojfekhnkhdbieeh/inject/index.js:5801:24)
    at chrome-extension://eimadpbcbfnmbkopoojfekhnkhdbieeh/inject/index.js:5697:29
    at callback (chrome-extension://eimadpbcbfnmbkopoojfekhnkhdbieeh/inject/index.js:4701:25)
    at chrome-extension://eimadpbcbfnmbkopoojfekhnkhdbieeh/inject/index.js:4879:44
    at Set.forEach (<anonymous>)
    at VariablesStore.setVarFilterType (chrome-extension://eimadpbcbfnmbkopoojfekhnkhdbieeh/inject/index.js:4879:22)
    at pushFilter (chrome-extension://eimadpbcbfnmbkopoojfekhnkhdbieeh/inject/index.js:4674:46)
    at getBgImageValue (chrome-extension://eimadpbcbfnmbkopoojfekhnkhdbieeh/inject/index.js:4303:37)
    at chrome-extension://eimadpbcbfnmbkopoojfekhnkhdbieeh/inject/index.js:4198:46
    at async Promise.all (index 0)
[   15996ms] TypeError: Cannot destructure property 'rule' of 'varDeclarations.get(...)' as it is undefined.
    at rebuildVarRule (chrome-extension://eimadpbcbfnmbkopoojfekhnkhdbieeh/inject/index.js:5801:24)
    at chrome-extension://eimadpbcbfnmbkopoojfekhnkhdbieeh/inject/index.js:5697:29
    at callback (chrome-extension://eimadpbcbfnmbkopoojfekhnkhdbieeh/inject/index.js:4701:25)
    at chrome-extension://eimadpbcbfnmbkopoojfekhnkhdbieeh/inject/index.js:4879:44
    at Set.forEach (<anonymous>)
    at VariablesStore.setVarFilterType (chrome-extension://eimadpbcbfnmbkopoojfekhnkhdbieeh/inject/index.js:4879:22)
    at pushFilter (chrome-extension://eimadpbcbfnmbkopoojfekhnkhdbieeh/inject/index.js:4674:46)
    at getBgImageValue (chrome-extension://eimadpbcbfnmbkopoojfekhnkhdbieeh/inject/index.js:4303:37)
    at chrome-extension://eimadpbcbfnmbkopoojfekhnkhdbieeh/inject/index.js:4198:46
    at async Promise.all (index 0)
[   15996ms] TypeError: Cannot destructure property 'rule' of 'varDeclarations.get(...)' as it is undefined.
    at rebuildVarRule (chrome-extension://eimadpbcbfnmbkopoojfekhnkhdbieeh/inject/index.js:5801:24)
    at chrome-extension://eimadpbcbfnmbkopoojfekhnkhdbieeh/inject/index.js:5697:29
    at callback (chrome-extension://eimadpbcbfnmbkopoojfekhnkhdbieeh/inject/index.js:4701:25)
    at chrome-extension://eimadpbcbfnmbkopoojfekhnkhdbieeh/inject/index.js:4879:44
    at Set.forEach (<anonymous>)
    at VariablesStore.setVarFilterType (chrome-extension://eimadpbcbfnmbkopoojfekhnkhdbieeh/inject/index.js:4879:22)
    at pushFilter (chrome-extension://eimadpbcbfnmbkopoojfekhnkhdbieeh/inject/index.js:4674:46)
    at getBgImageValue (chrome-extension://eimadpbcbfnmbkopoojfekhnkhdbieeh/inject/index.js:4303:37)
    at chrome-extension://eimadpbcbfnmbkopoojfekhnkhdbieeh/inject/index.js:4198:46
    at async Promise.all (index 0)
[   15996ms] TypeError: Cannot destructure property 'rule' of 'varDeclarations.get(...)' as it is undefined.
    at rebuildVarRule (chrome-extension://eimadpbcbfnmbkopoojfekhnkhdbieeh/inject/index.js:5801:24)
    at chrome-extension://eimadpbcbfnmbkopoojfekhnkhdbieeh/inject/index.js:5697:29
    at callback (chrome-extension://eimadpbcbfnmbkopoojfekhnkhdbieeh/inject/index.js:4701:25)
    at chrome-extension://eimadpbcbfnmbkopoojfekhnkhdbieeh/inject/index.js:4879:44
    at Set.forEach (<anonymous>)
    at VariablesStore.setVarFilterType (chrome-extension://eimadpbcbfnmbkopoojfekhnkhdbieeh/inject/index.js:4879:22)
    at pushFilter (chrome-extension://eimadpbcbfnmbkopoojfekhnkhdbieeh/inject/index.js:4674:46)
    at getBgImageValue (chrome-extension://eimadpbcbfnmbkopoojfekhnkhdbieeh/inject/index.js:4303:37)
    at chrome-extension://eimadpbcbfnmbkopoojfekhnkhdbieeh/inject/index.js:4198:46
    at async Promise.all (index 0)
[   15996ms] TypeError: Cannot destructure property 'rule' of 'varDeclarations.get(...)' as it is undefined.
    at rebuildVarRule (chrome-extension://eimadpbcbfnmbkopoojfekhnkhdbieeh/inject/index.js:5801:24)
    at chrome-extension://eimadpbcbfnmbkopoojfekhnkhdbieeh/inject/index.js:5697:29
    at callback (chrome-extension://eimadpbcbfnmbkopoojfekhnkhdbieeh/inject/index.js:4701:25)
    at chrome-extension://eimadpbcbfnmbkopoojfekhnkhdbieeh/inject/index.js:4879:44
    at Set.forEach (<anonymous>)
    at VariablesStore.setVarFilterType (chrome-extension://eimadpbcbfnmbkopoojfekhnkhdbieeh/inject/index.js:4879:22)
    at pushFilter (chrome-extension://eimadpbcbfnmbkopoojfekhnkhdbieeh/inject/index.js:4674:46)
    at getBgImageValue (chrome-extension://eimadpbcbfnmbkopoojfekhnkhdbieeh/inject/index.js:4303:37)
    at chrome-extension://eimadpbcbfnmbkopoojfekhnkhdbieeh/inject/index.js:4198:46
    at async Promise.all (index 0)
[   16001ms] TypeError: Cannot destructure property 'rule' of 'varDeclarations.get(...)' as it is undefined.
    at rebuildVarRule (chrome-extension://eimadpbcbfnmbkopoojfekhnkhdbieeh/inject/index.js:5801:24)
    at chrome-extension://eimadpbcbfnmbkopoojfekhnkhdbieeh/inject/index.js:5697:29
    at callback (chrome-extension://eimadpbcbfnmbkopoojfekhnkhdbieeh/inject/index.js:4701:25)
    at chrome-extension://eimadpbcbfnmbkopoojfekhnkhdbieeh/inject/index.js:4879:44
    at Set.forEach (<anonymous>)
    at VariablesStore.setVarFilterType (chrome-extension://eimadpbcbfnmbkopoojfekhnkhdbieeh/inject/index.js:4879:22)
    at pushFilter (chrome-extension://eimadpbcbfnmbkopoojfekhnkhdbieeh/inject/index.js:4674:46)
    at getBgImageValue (chrome-extension://eimadpbcbfnmbkopoojfekhnkhdbieeh/inject/index.js:4303:37)
    at chrome-extension://eimadpbcbfnmbkopoojfekhnkhdbieeh/inject/index.js:4198:46
    at async Promise.all (index 0)
[   16001ms] TypeError: Cannot destructure property 'rule' of 'varDeclarations.get(...)' as it is undefined.
    at rebuildVarRule (chrome-extension://eimadpbcbfnmbkopoojfekhnkhdbieeh/inject/index.js:5801:24)
    at chrome-extension://eimadpbcbfnmbkopoojfekhnkhdbieeh/inject/index.js:5697:29
    at callback (chrome-extension://eimadpbcbfnmbkopoojfekhnkhdbieeh/inject/index.js:4701:25)
    at chrome-extension://eimadpbcbfnmbkopoojfekhnkhdbieeh/inject/index.js:4879:44
    at Set.forEach (<anonymous>)
    at VariablesStore.setVarFilterType (chrome-extension://eimadpbcbfnmbkopoojfekhnkhdbieeh/inject/index.js:4879:22)
    at pushFilter (chrome-extension://eimadpbcbfnmbkopoojfekhnkhdbieeh/inject/index.js:4674:46)
    at getBgImageValue (chrome-extension://eimadpbcbfnmbkopoojfekhnkhdbieeh/inject/index.js:4303:37)
    at chrome-extension://eimadpbcbfnmbkopoojfekhnkhdbieeh/inject/index.js:4198:46
    at async Promise.all (index 0)
[   16002ms] TypeError: Cannot destructure property 'rule' of 'varDeclarations.get(...)' as it is undefined.
    at rebuildVarRule (chrome-extension://eimadpbcbfnmbkopoojfekhnkhdbieeh/inject/index.js:5801:24)
    at chrome-extension://eimadpbcbfnmbkopoojfekhnkhdbieeh/inject/index.js:5697:29
    at callback (chrome-extension://eimadpbcbfnmbkopoojfekhnkhdbieeh/inject/index.js:4701:25)
    at chrome-extension://eimadpbcbfnmbkopoojfekhnkhdbieeh/inject/index.js:4879:44
    at Set.forEach (<anonymous>)
    at VariablesStore.setVarFilterType (chrome-extension://eimadpbcbfnmbkopoojfekhnkhdbieeh/inject/index.js:4879:22)
    at pushFilter (chrome-extension://eimadpbcbfnmbkopoojfekhnkhdbieeh/inject/index.js:4674:46)
    at getBgImageValue (chrome-extension://eimadpbcbfnmbkopoojfekhnkhdbieeh/inject/index.js:4303:37)
    at chrome-extension://eimadpbcbfnmbkopoojfekhnkhdbieeh/inject/index.js:4198:46
    at async Promise.all (index 0)
[   16002ms] TypeError: Cannot destructure property 'rule' of 'varDeclarations.get(...)' as it is undefined.
    at rebuildVarRule (chrome-extension://eimadpbcbfnmbkopoojfekhnkhdbieeh/inject/index.js:5801:24)
    at chrome-extension://eimadpbcbfnmbkopoojfekhnkhdbieeh/inject/index.js:5697:29
    at callback (chrome-extension://eimadpbcbfnmbkopoojfekhnkhdbieeh/inject/index.js:4701:25)
    at chrome-extension://eimadpbcbfnmbkopoojfekhnkhdbieeh/inject/index.js:4879:44
    at Set.forEach (<anonymous>)
    at VariablesStore.setVarFilterType (chrome-extension://eimadpbcbfnmbkopoojfekhnkhdbieeh/inject/index.js:4879:22)
    at pushFilter (chrome-extension://eimadpbcbfnmbkopoojfekhnkhdbieeh/inject/index.js:4674:46)
    at getBgImageValue (chrome-extension://eimadpbcbfnmbkopoojfekhnkhdbieeh/inject/index.js:4303:37)
    at chrome-extension://eimadpbcbfnmbkopoojfekhnkhdbieeh/inject/index.js:4198:46
    at async Promise.all (index 0)
[   16002ms] TypeError: Cannot destructure property 'rule' of 'varDeclarations.get(...)' as it is undefined.
    at rebuildVarRule (chrome-extension://eimadpbcbfnmbkopoojfekhnkhdbieeh/inject/index.js:5801:24)
    at chrome-extension://eimadpbcbfnmbkopoojfekhnkhdbieeh/inject/index.js:5697:29
    at callback (chrome-extension://eimadpbcbfnmbkopoojfekhnkhdbieeh/inject/index.js:4701:25)
    at chrome-extension://eimadpbcbfnmbkopoojfekhnkhdbieeh/inject/index.js:4879:44
    at Set.forEach (<anonymous>)
    at VariablesStore.setVarFilterType (chrome-extension://eimadpbcbfnmbkopoojfekhnkhdbieeh/inject/index.js:4879:22)
    at pushFilter (chrome-extension://eimadpbcbfnmbkopoojfekhnkhdbieeh/inject/index.js:4674:46)
    at getBgImageValue (chrome-extension://eimadpbcbfnmbkopoojfekhnkhdbieeh/inject/index.js:4303:37)
    at chrome-extension://eimadpbcbfnmbkopoojfekhnkhdbieeh/inject/index.js:4198:46
    at async Promise.all (index 0)
[   16034ms] TypeError: Cannot destructure property 'rule' of 'varDeclarations.get(...)' as it is undefined.
    at rebuildVarRule (chrome-extension://eimadpbcbfnmbkopoojfekhnkhdbieeh/inject/index.js:5801:24)
    at chrome-extension://eimadpbcbfnmbkopoojfekhnkhdbieeh/inject/index.js:5697:29
    at callback (chrome-extension://eimadpbcbfnmbkopoojfekhnkhdbieeh/inject/index.js:4701:25)
    at chrome-extension://eimadpbcbfnmbkopoojfekhnkhdbieeh/inject/index.js:4879:44
    at Set.forEach (<anonymous>)
    at VariablesStore.setVarFilterType (chrome-extension://eimadpbcbfnmbkopoojfekhnkhdbieeh/inject/index.js:4879:22)
    at pushFilter (chrome-extension://eimadpbcbfnmbkopoojfekhnkhdbieeh/inject/index.js:4674:46)
    at getBgImageValue (chrome-extension://eimadpbcbfnmbkopoojfekhnkhdbieeh/inject/index.js:4303:37)
    at chrome-extension://eimadpbcbfnmbkopoojfekhnkhdbieeh/inject/index.js:4198:46
    at async Promise.all (index 0)
[   16081ms] TypeError: Cannot destructure property 'rule' of 'varDeclarations.get(...)' as it is undefined.
    at rebuildVarRule (chrome-extension://eimadpbcbfnmbkopoojfekhnkhdbieeh/inject/index.js:5801:24)
    at chrome-extension://eimadpbcbfnmbkopoojfekhnkhdbieeh/inject/index.js:5697:29
    at callback (chrome-extension://eimadpbcbfnmbkopoojfekhnkhdbieeh/inject/index.js:4701:25)
    at chrome-extension://eimadpbcbfnmbkopoojfekhnkhdbieeh/inject/index.js:4879:44
    at Set.forEach (<anonymous>)
    at VariablesStore.setVarFilterType (chrome-extension://eimadpbcbfnmbkopoojfekhnkhdbieeh/inject/index.js:4879:22)
    at pushFilter (chrome-extension://eimadpbcbfnmbkopoojfekhnkhdbieeh/inject/index.js:4674:46)
    at getBgImageValue (chrome-extension://eimadpbcbfnmbkopoojfekhnkhdbieeh/inject/index.js:4303:37)
    at chrome-extension://eimadpbcbfnmbkopoojfekhnkhdbieeh/inject/index.js:4198:46
    at async Promise.all (index 0)
[   16082ms] TypeError: Cannot destructure property 'rule' of 'varDeclarations.get(...)' as it is undefined.
    at rebuildVarRule (chrome-extension://eimadpbcbfnmbkopoojfekhnkhdbieeh/inject/index.js:5801:24)
    at chrome-extension://eimadpbcbfnmbkopoojfekhnkhdbieeh/inject/index.js:5697:29
    at callback (chrome-extension://eimadpbcbfnmbkopoojfekhnkhdbieeh/inject/index.js:4701:25)
    at chrome-extension://eimadpbcbfnmbkopoojfekhnkhdbieeh/inject/index.js:4879:44
    at Set.forEach (<anonymous>)
    at VariablesStore.setVarFilterType (chrome-extension://eimadpbcbfnmbkopoojfekhnkhdbieeh/inject/index.js:4879:22)
    at pushFilter (chrome-extension://eimadpbcbfnmbkopoojfekhnkhdbieeh/inject/index.js:4674:46)
    at getBgImageValue (chrome-extension://eimadpbcbfnmbkopoojfekhnkhdbieeh/inject/index.js:4303:37)
    at chrome-extension://eimadpbcbfnmbkopoojfekhnkhdbieeh/inject/index.js:4198:46
    at async Promise.all (index 0)
[   16082ms] TypeError: Cannot destructure property 'rule' of 'varDeclarations.get(...)' as it is undefined.
    at rebuildVarRule (chrome-extension://eimadpbcbfnmbkopoojfekhnkhdbieeh/inject/index.js:5801:24)
    at chrome-extension://eimadpbcbfnmbkopoojfekhnkhdbieeh/inject/index.js:5697:29
    at callback (chrome-extension://eimadpbcbfnmbkopoojfekhnkhdbieeh/inject/index.js:4701:25)
    at chrome-extension://eimadpbcbfnmbkopoojfekhnkhdbieeh/inject/index.js:4879:44
    at Set.forEach (<anonymous>)
    at VariablesStore.setVarFilterType (chrome-extension://eimadpbcbfnmbkopoojfekhnkhdbieeh/inject/index.js:4879:22)
    at pushFilter (chrome-extension://eimadpbcbfnmbkopoojfekhnkhdbieeh/inject/index.js:4674:46)
    at getBgImageValue (chrome-extension://eimadpbcbfnmbkopoojfekhnkhdbieeh/inject/index.js:4303:37)
    at chrome-extension://eimadpbcbfnmbkopoojfekhnkhdbieeh/inject/index.js:4198:46
    at async Promise.all (index 0)
[   16082ms] TypeError: Cannot destructure property 'rule' of 'varDeclarations.get(...)' as it is undefined.
    at rebuildVarRule (chrome-extension://eimadpbcbfnmbkopoojfekhnkhdbieeh/inject/index.js:5801:24)
    at chrome-extension://eimadpbcbfnmbkopoojfekhnkhdbieeh/inject/index.js:5697:29
    at callback (chrome-extension://eimadpbcbfnmbkopoojfekhnkhdbieeh/inject/index.js:4701:25)
    at chrome-extension://eimadpbcbfnmbkopoojfekhnkhdbieeh/inject/index.js:4879:44
    at Set.forEach (<anonymous>)
    at VariablesStore.setVarFilterType (chrome-extension://eimadpbcbfnmbkopoojfekhnkhdbieeh/inject/index.js:4879:22)
    at pushFilter (chrome-extension://eimadpbcbfnmbkopoojfekhnkhdbieeh/inject/index.js:4674:46)
    at getBgImageValue (chrome-extension://eimadpbcbfnmbkopoojfekhnkhdbieeh/inject/index.js:4303:37)
    at chrome-extension://eimadpbcbfnmbkopoojfekhnkhdbieeh/inject/index.js:4198:46
    at async Promise.all (index 0)
[   16082ms] TypeError: Cannot destructure property 'rule' of 'varDeclarations.get(...)' as it is undefined.
    at rebuildVarRule (chrome-extension://eimadpbcbfnmbkopoojfekhnkhdbieeh/inject/index.js:5801:24)
    at chrome-extension://eimadpbcbfnmbkopoojfekhnkhdbieeh/inject/index.js:5697:29
    at callback (chrome-extension://eimadpbcbfnmbkopoojfekhnkhdbieeh/inject/index.js:4701:25)
    at chrome-extension://eimadpbcbfnmbkopoojfekhnkhdbieeh/inject/index.js:4879:44
    at Set.forEach (<anonymous>)
    at VariablesStore.setVarFilterType (chrome-extension://eimadpbcbfnmbkopoojfekhnkhdbieeh/inject/index.js:4879:22)
    at pushFilter (chrome-extension://eimadpbcbfnmbkopoojfekhnkhdbieeh/inject/index.js:4674:46)
    at getBgImageValue (chrome-extension://eimadpbcbfnmbkopoojfekhnkhdbieeh/inject/index.js:4303:37)
    at chrome-extension://eimadpbcbfnmbkopoojfekhnkhdbieeh/inject/index.js:4198:46
    at async Promise.all (index 0)
[   16082ms] TypeError: Cannot destructure property 'rule' of 'varDeclarations.get(...)' as it is undefined.
    at rebuildVarRule (chrome-extension://eimadpbcbfnmbkopoojfekhnkhdbieeh/inject/index.js:5801:24)
    at chrome-extension://eimadpbcbfnmbkopoojfekhnkhdbieeh/inject/index.js:5697:29
    at callback (chrome-extension://eimadpbcbfnmbkopoojfekhnkhdbieeh/inject/index.js:4701:25)
    at chrome-extension://eimadpbcbfnmbkopoojfekhnkhdbieeh/inject/index.js:4879:44
    at Set.forEach (<anonymous>)
    at VariablesStore.setVarFilterType (chrome-extension://eimadpbcbfnmbkopoojfekhnkhdbieeh/inject/index.js:4879:22)
    at pushFilter (chrome-extension://eimadpbcbfnmbkopoojfekhnkhdbieeh/inject/index.js:4674:46)
    at getBgImageValue (chrome-extension://eimadpbcbfnmbkopoojfekhnkhdbieeh/inject/index.js:4303:37)
    at chrome-extension://eimadpbcbfnmbkopoojfekhnkhdbieeh/inject/index.js:4198:46
    at async Promise.all (index 0)
[   16082ms] TypeError: Cannot destructure property 'rule' of 'varDeclarations.get(...)' as it is undefined.
    at rebuildVarRule (chrome-extension://eimadpbcbfnmbkopoojfekhnkhdbieeh/inject/index.js:5801:24)
    at chrome-extension://eimadpbcbfnmbkopoojfekhnkhdbieeh/inject/index.js:5697:29
    at callback (chrome-extension://eimadpbcbfnmbkopoojfekhnkhdbieeh/inject/index.js:4701:25)
    at chrome-extension://eimadpbcbfnmbkopoojfekhnkhdbieeh/inject/index.js:4879:44
    at Set.forEach (<anonymous>)
    at VariablesStore.setVarFilterType (chrome-extension://eimadpbcbfnmbkopoojfekhnkhdbieeh/inject/index.js:4879:22)
    at pushFilter (chrome-extension://eimadpbcbfnmbkopoojfekhnkhdbieeh/inject/index.js:4674:46)
    at getBgImageValue (chrome-extension://eimadpbcbfnmbkopoojfekhnkhdbieeh/inject/index.js:4303:37)
    at chrome-extension://eimadpbcbfnmbkopoojfekhnkhdbieeh/inject/index.js:4198:46
    at async Promise.all (index 0)
[   16083ms] TypeError: Cannot destructure property 'rule' of 'varDeclarations.get(...)' as it is undefined.
    at rebuildVarRule (chrome-extension://eimadpbcbfnmbkopoojfekhnkhdbieeh/inject/index.js:5801:24)
    at chrome-extension://eimadpbcbfnmbkopoojfekhnkhdbieeh/inject/index.js:5697:29
    at callback (chrome-extension://eimadpbcbfnmbkopoojfekhnkhdbieeh/inject/index.js:4701:25)
    at chrome-extension://eimadpbcbfnmbkopoojfekhnkhdbieeh/inject/index.js:4879:44
    at Set.forEach (<anonymous>)
    at VariablesStore.setVarFilterType (chrome-extension://eimadpbcbfnmbkopoojfekhnkhdbieeh/inject/index.js:4879:22)
    at pushFilter (chrome-extension://eimadpbcbfnmbkopoojfekhnkhdbieeh/inject/index.js:4674:46)
    at getBgImageValue (chrome-extension://eimadpbcbfnmbkopoojfekhnkhdbieeh/inject/index.js:4303:37)
    at chrome-extension://eimadpbcbfnmbkopoojfekhnkhdbieeh/inject/index.js:4198:46
    at async Promise.all (index 0)
[   16083ms] TypeError: Cannot destructure property 'rule' of 'varDeclarations.get(...)' as it is undefined.
    at rebuildVarRule (chrome-extension://eimadpbcbfnmbkopoojfekhnkhdbieeh/inject/index.js:5801:24)
    at chrome-extension://eimadpbcbfnmbkopoojfekhnkhdbieeh/inject/index.js:5697:29
    at callback (chrome-extension://eimadpbcbfnmbkopoojfekhnkhdbieeh/inject/index.js:4701:25)
    at chrome-extension://eimadpbcbfnmbkopoojfekhnkhdbieeh/inject/index.js:4879:44
    at Set.forEach (<anonymous>)
    at VariablesStore.setVarFilterType (chrome-extension://eimadpbcbfnmbkopoojfekhnkhdbieeh/inject/index.js:4879:22)
    at pushFilter (chrome-extension://eimadpbcbfnmbkopoojfekhnkhdbieeh/inject/index.js:4674:46)
    at getBgImageValue (chrome-extension://eimadpbcbfnmbkopoojfekhnkhdbieeh/inject/index.js:4303:37)
    at chrome-extension://eimadpbcbfnmbkopoojfekhnkhdbieeh/inject/index.js:4198:46
    at async Promise.all (index 0)
[   16083ms] TypeError: Cannot destructure property 'rule' of 'varDeclarations.get(...)' as it is undefined.
    at rebuildVarRule (chrome-extension://eimadpbcbfnmbkopoojfekhnkhdbieeh/inject/index.js:5801:24)
    at chrome-extension://eimadpbcbfnmbkopoojfekhnkhdbieeh/inject/index.js:5697:29
    at callback (chrome-extension://eimadpbcbfnmbkopoojfekhnkhdbieeh/inject/index.js:4701:25)
    at chrome-extension://eimadpbcbfnmbkopoojfekhnkhdbieeh/inject/index.js:4879:44
    at Set.forEach (<anonymous>)
    at VariablesStore.setVarFilterType (chrome-extension://eimadpbcbfnmbkopoojfekhnkhdbieeh/inject/index.js:4879:22)
    at pushFilter (chrome-extension://eimadpbcbfnmbkopoojfekhnkhdbieeh/inject/index.js:4674:46)
    at getBgImageValue (chrome-extension://eimadpbcbfnmbkopoojfekhnkhdbieeh/inject/index.js:4303:37)
    at chrome-extension://eimadpbcbfnmbkopoojfekhnkhdbieeh/inject/index.js:4198:46
    at async Promise.all (index 0)
[   16083ms] TypeError: Cannot destructure property 'rule' of 'varDeclarations.get(...)' as it is undefined.
    at rebuildVarRule (chrome-extension://eimadpbcbfnmbkopoojfekhnkhdbieeh/inject/index.js:5801:24)
    at chrome-extension://eimadpbcbfnmbkopoojfekhnkhdbieeh/inject/index.js:5697:29
    at callback (chrome-extension://eimadpbcbfnmbkopoojfekhnkhdbieeh/inject/index.js:4701:25)
    at chrome-extension://eimadpbcbfnmbkopoojfekhnkhdbieeh/inject/index.js:4879:44
    at Set.forEach (<anonymous>)
    at VariablesStore.setVarFilterType (chrome-extension://eimadpbcbfnmbkopoojfekhnkhdbieeh/inject/index.js:4879:22)
    at pushFilter (chrome-extension://eimadpbcbfnmbkopoojfekhnkhdbieeh/inject/index.js:4674:46)
    at getBgImageValue (chrome-extension://eimadpbcbfnmbkopoojfekhnkhdbieeh/inject/index.js:4303:37)
    at chrome-extension://eimadpbcbfnmbkopoojfekhnkhdbieeh/inject/index.js:4198:46
    at async Promise.all (index 0)
[   16083ms] TypeError: Cannot destructure property 'rule' of 'varDeclarations.get(...)' as it is undefined.
    at rebuildVarRule (chrome-extension://eimadpbcbfnmbkopoojfekhnkhdbieeh/inject/index.js:5801:24)
    at chrome-extension://eimadpbcbfnmbkopoojfekhnkhdbieeh/inject/index.js:5697:29
    at callback (chrome-extension://eimadpbcbfnmbkopoojfekhnkhdbieeh/inject/index.js:4701:25)
    at chrome-extension://eimadpbcbfnmbkopoojfekhnkhdbieeh/inject/index.js:4879:44
    at Set.forEach (<anonymous>)
    at VariablesStore.setVarFilterType (chrome-extension://eimadpbcbfnmbkopoojfekhnkhdbieeh/inject/index.js:4879:22)
    at pushFilter (chrome-extension://eimadpbcbfnmbkopoojfekhnkhdbieeh/inject/index.js:4674:46)
    at getBgImageValue (chrome-extension://eimadpbcbfnmbkopoojfekhnkhdbieeh/inject/index.js:4303:37)
    at chrome-extension://eimadpbcbfnmbkopoojfekhnkhdbieeh/inject/index.js:4198:46
    at async Promise.all (index 0)
[   16084ms] TypeError: Cannot destructure property 'rule' of 'varDeclarations.get(...)' as it is undefined.
    at rebuildVarRule (chrome-extension://eimadpbcbfnmbkopoojfekhnkhdbieeh/inject/index.js:5801:24)
    at chrome-extension://eimadpbcbfnmbkopoojfekhnkhdbieeh/inject/index.js:5697:29
    at callback (chrome-extension://eimadpbcbfnmbkopoojfekhnkhdbieeh/inject/index.js:4701:25)
    at chrome-extension://eimadpbcbfnmbkopoojfekhnkhdbieeh/inject/index.js:4879:44
    at Set.forEach (<anonymous>)
    at VariablesStore.setVarFilterType (chrome-extension://eimadpbcbfnmbkopoojfekhnkhdbieeh/inject/index.js:4879:22)
    at pushFilter (chrome-extension://eimadpbcbfnmbkopoojfekhnkhdbieeh/inject/index.js:4674:46)
    at getBgImageValue (chrome-extension://eimadpbcbfnmbkopoojfekhnkhdbieeh/inject/index.js:4303:37)
    at chrome-extension://eimadpbcbfnmbkopoojfekhnkhdbieeh/inject/index.js:4198:46
    at async Promise.all (index 0)
[   16084ms] TypeError: Cannot destructure property 'rule' of 'varDeclarations.get(...)' as it is undefined.
    at rebuildVarRule (chrome-extension://eimadpbcbfnmbkopoojfekhnkhdbieeh/inject/index.js:5801:24)
    at chrome-extension://eimadpbcbfnmbkopoojfekhnkhdbieeh/inject/index.js:5697:29
    at callback (chrome-extension://eimadpbcbfnmbkopoojfekhnkhdbieeh/inject/index.js:4701:25)
    at chrome-extension://eimadpbcbfnmbkopoojfekhnkhdbieeh/inject/index.js:4879:44
    at Set.forEach (<anonymous>)
    at VariablesStore.setVarFilterType (chrome-extension://eimadpbcbfnmbkopoojfekhnkhdbieeh/inject/index.js:4879:22)
    at pushFilter (chrome-extension://eimadpbcbfnmbkopoojfekhnkhdbieeh/inject/index.js:4674:46)
    at getBgImageValue (chrome-extension://eimadpbcbfnmbkopoojfekhnkhdbieeh/inject/index.js:4303:37)
    at chrome-extension://eimadpbcbfnmbkopoojfekhnkhdbieeh/inject/index.js:4198:46
    at async Promise.all (index 0)
[   16084ms] TypeError: Cannot destructure property 'rule' of 'varDeclarations.get(...)' as it is undefined.
    at rebuildVarRule (chrome-extension://eimadpbcbfnmbkopoojfekhnkhdbieeh/inject/index.js:5801:24)
    at chrome-extension://eimadpbcbfnmbkopoojfekhnkhdbieeh/inject/index.js:5697:29
    at callback (chrome-extension://eimadpbcbfnmbkopoojfekhnkhdbieeh/inject/index.js:4701:25)
    at chrome-extension://eimadpbcbfnmbkopoojfekhnkhdbieeh/inject/index.js:4879:44
    at Set.forEach (<anonymous>)
    at VariablesStore.setVarFilterType (chrome-extension://eimadpbcbfnmbkopoojfekhnkhdbieeh/inject/index.js:4879:22)
    at pushFilter (chrome-extension://eimadpbcbfnmbkopoojfekhnkhdbieeh/inject/index.js:4674:46)
    at getBgImageValue (chrome-extension://eimadpbcbfnmbkopoojfekhnkhdbieeh/inject/index.js:4303:37)
    at chrome-extension://eimadpbcbfnmbkopoojfekhnkhdbieeh/inject/index.js:4198:46
    at async Promise.all (index 0)
[   16084ms] TypeError: Cannot destructure property 'rule' of 'varDeclarations.get(...)' as it is undefined.
    at rebuildVarRule (chrome-extension://eimadpbcbfnmbkopoojfekhnkhdbieeh/inject/index.js:5801:24)
    at chrome-extension://eimadpbcbfnmbkopoojfekhnkhdbieeh/inject/index.js:5697:29
    at callback (chrome-extension://eimadpbcbfnmbkopoojfekhnkhdbieeh/inject/index.js:4701:25)
    at chrome-extension://eimadpbcbfnmbkopoojfekhnkhdbieeh/inject/index.js:4879:44
    at Set.forEach (<anonymous>)
    at VariablesStore.setVarFilterType (chrome-extension://eimadpbcbfnmbkopoojfekhnkhdbieeh/inject/index.js:4879:22)
    at pushFilter (chrome-extension://eimadpbcbfnmbkopoojfekhnkhdbieeh/inject/index.js:4674:46)
    at getBgImageValue (chrome-extension://eimadpbcbfnmbkopoojfekhnkhdbieeh/inject/index.js:4303:37)
    at chrome-extension://eimadpbcbfnmbkopoojfekhnkhdbieeh/inject/index.js:4198:46
    at async Promise.all (index 0)
[   16084ms] TypeError: Cannot destructure property 'rule' of 'varDeclarations.get(...)' as it is undefined.
    at rebuildVarRule (chrome-extension://eimadpbcbfnmbkopoojfekhnkhdbieeh/inject/index.js:5801:24)
    at chrome-extension://eimadpbcbfnmbkopoojfekhnkhdbieeh/inject/index.js:5697:29
    at callback (chrome-extension://eimadpbcbfnmbkopoojfekhnkhdbieeh/inject/index.js:4701:25)
    at chrome-extension://eimadpbcbfnmbkopoojfekhnkhdbieeh/inject/index.js:4879:44
    at Set.forEach (<anonymous>)
    at VariablesStore.setVarFilterType (chrome-extension://eimadpbcbfnmbkopoojfekhnkhdbieeh/inject/index.js:4879:22)
    at pushFilter (chrome-extension://eimadpbcbfnmbkopoojfekhnkhdbieeh/inject/index.js:4674:46)
    at getBgImageValue (chrome-extension://eimadpbcbfnmbkopoojfekhnkhdbieeh/inject/index.js:4303:37)
    at chrome-extension://eimadpbcbfnmbkopoojfekhnkhdbieeh/inject/index.js:4198:46
    at async Promise.all (index 0)
[   16084ms] TypeError: Cannot destructure property 'rule' of 'varDeclarations.get(...)' as it is undefined.
    at rebuildVarRule (chrome-extension://eimadpbcbfnmbkopoojfekhnkhdbieeh/inject/index.js:5801:24)
    at chrome-extension://eimadpbcbfnmbkopoojfekhnkhdbieeh/inject/index.js:5697:29
    at callback (chrome-extension://eimadpbcbfnmbkopoojfekhnkhdbieeh/inject/index.js:4701:25)
    at chrome-extension://eimadpbcbfnmbkopoojfekhnkhdbieeh/inject/index.js:4879:44
    at Set.forEach (<anonymous>)
    at VariablesStore.setVarFilterType (chrome-extension://eimadpbcbfnmbkopoojfekhnkhdbieeh/inject/index.js:4879:22)
    at pushFilter (chrome-extension://eimadpbcbfnmbkopoojfekhnkhdbieeh/inject/index.js:4674:46)
    at getBgImageValue (chrome-extension://eimadpbcbfnmbkopoojfekhnkhdbieeh/inject/index.js:4303:37)
    at chrome-extension://eimadpbcbfnmbkopoojfekhnkhdbieeh/inject/index.js:4198:46
    at async Promise.all (index 0)
[   16084ms] TypeError: Cannot destructure property 'rule' of 'varDeclarations.get(...)' as it is undefined.
    at rebuildVarRule (chrome-extension://eimadpbcbfnmbkopoojfekhnkhdbieeh/inject/index.js:5801:24)
    at chrome-extension://eimadpbcbfnmbkopoojfekhnkhdbieeh/inject/index.js:5697:29
    at callback (chrome-extension://eimadpbcbfnmbkopoojfekhnkhdbieeh/inject/index.js:4701:25)
    at chrome-extension://eimadpbcbfnmbkopoojfekhnkhdbieeh/inject/index.js:4879:44
    at Set.forEach (<anonymous>)
    at VariablesStore.setVarFilterType (chrome-extension://eimadpbcbfnmbkopoojfekhnkhdbieeh/inject/index.js:4879:22)
    at pushFilter (chrome-extension://eimadpbcbfnmbkopoojfekhnkhdbieeh/inject/index.js:4674:46)
    at getBgImageValue (chrome-extension://eimadpbcbfnmbkopoojfekhnkhdbieeh/inject/index.js:4303:37)
    at chrome-extension://eimadpbcbfnmbkopoojfekhnkhdbieeh/inject/index.js:4198:46
    at async Promise.all (index 0)
[   16085ms] TypeError: Cannot destructure property 'rule' of 'varDeclarations.get(...)' as it is undefined.
    at rebuildVarRule (chrome-extension://eimadpbcbfnmbkopoojfekhnkhdbieeh/inject/index.js:5801:24)
    at chrome-extension://eimadpbcbfnmbkopoojfekhnkhdbieeh/inject/index.js:5697:29
    at callback (chrome-extension://eimadpbcbfnmbkopoojfekhnkhdbieeh/inject/index.js:4701:25)
    at chrome-extension://eimadpbcbfnmbkopoojfekhnkhdbieeh/inject/index.js:4879:44
    at Set.forEach (<anonymous>)
    at VariablesStore.setVarFilterType (chrome-extension://eimadpbcbfnmbkopoojfekhnkhdbieeh/inject/index.js:4879:22)
    at pushFilter (chrome-extension://eimadpbcbfnmbkopoojfekhnkhdbieeh/inject/index.js:4674:46)
    at getBgImageValue (chrome-extension://eimadpbcbfnmbkopoojfekhnkhdbieeh/inject/index.js:4303:37)
    at chrome-extension://eimadpbcbfnmbkopoojfekhnkhdbieeh/inject/index.js:4198:46
    at async Promise.all (index 0)
[   16085ms] TypeError: Cannot destructure property 'rule' of 'varDeclarations.get(...)' as it is undefined.
    at rebuildVarRule (chrome-extension://eimadpbcbfnmbkopoojfekhnkhdbieeh/inject/index.js:5801:24)
    at chrome-extension://eimadpbcbfnmbkopoojfekhnkhdbieeh/inject/index.js:5697:29
    at callback (chrome-extension://eimadpbcbfnmbkopoojfekhnkhdbieeh/inject/index.js:4701:25)
    at chrome-extension://eimadpbcbfnmbkopoojfekhnkhdbieeh/inject/index.js:4879:44
    at Set.forEach (<anonymous>)
    at VariablesStore.setVarFilterType (chrome-extension://eimadpbcbfnmbkopoojfekhnkhdbieeh/inject/index.js:4879:22)
    at pushFilter (chrome-extension://eimadpbcbfnmbkopoojfekhnkhdbieeh/inject/index.js:4674:46)
    at getBgImageValue (chrome-extension://eimadpbcbfnmbkopoojfekhnkhdbieeh/inject/index.js:4303:37)
    at chrome-extension://eimadpbcbfnmbkopoojfekhnkhdbieeh/inject/index.js:4198:46
    at async Promise.all (index 0)
[   16085ms] TypeError: Cannot destructure property 'rule' of 'varDeclarations.get(...)' as it is undefined.
    at rebuildVarRule (chrome-extension://eimadpbcbfnmbkopoojfekhnkhdbieeh/inject/index.js:5801:24)
    at chrome-extension://eimadpbcbfnmbkopoojfekhnkhdbieeh/inject/index.js:5697:29
    at callback (chrome-extension://eimadpbcbfnmbkopoojfekhnkhdbieeh/inject/index.js:4701:25)
    at chrome-extension://eimadpbcbfnmbkopoojfekhnkhdbieeh/inject/index.js:4879:44
    at Set.forEach (<anonymous>)
    at VariablesStore.setVarFilterType (chrome-extension://eimadpbcbfnmbkopoojfekhnkhdbieeh/inject/index.js:4879:22)
    at pushFilter (chrome-extension://eimadpbcbfnmbkopoojfekhnkhdbieeh/inject/index.js:4674:46)
    at getBgImageValue (chrome-extension://eimadpbcbfnmbkopoojfekhnkhdbieeh/inject/index.js:4303:37)
    at chrome-extension://eimadpbcbfnmbkopoojfekhnkhdbieeh/inject/index.js:4198:46
    at async Promise.all (index 0)
[   16088ms] TypeError: Cannot destructure property 'rule' of 'varDeclarations.get(...)' as it is undefined.
    at rebuildVarRule (chrome-extension://eimadpbcbfnmbkopoojfekhnkhdbieeh/inject/index.js:5801:24)
    at chrome-extension://eimadpbcbfnmbkopoojfekhnkhdbieeh/inject/index.js:5697:29
    at callback (chrome-extension://eimadpbcbfnmbkopoojfekhnkhdbieeh/inject/index.js:4701:25)
    at chrome-extension://eimadpbcbfnmbkopoojfekhnkhdbieeh/inject/index.js:4879:44
    at Set.forEach (<anonymous>)
    at VariablesStore.setVarFilterType (chrome-extension://eimadpbcbfnmbkopoojfekhnkhdbieeh/inject/index.js:4879:22)
    at pushFilter (chrome-extension://eimadpbcbfnmbkopoojfekhnkhdbieeh/inject/index.js:4674:46)
    at getBgImageValue (chrome-extension://eimadpbcbfnmbkopoojfekhnkhdbieeh/inject/index.js:4303:37)
    at chrome-extension://eimadpbcbfnmbkopoojfekhnkhdbieeh/inject/index.js:4198:46
    at async Promise.all (index 0)
[   16088ms] TypeError: Cannot destructure property 'rule' of 'varDeclarations.get(...)' as it is undefined.
    at rebuildVarRule (chrome-extension://eimadpbcbfnmbkopoojfekhnkhdbieeh/inject/index.js:5801:24)
    at chrome-extension://eimadpbcbfnmbkopoojfekhnkhdbieeh/inject/index.js:5697:29
    at callback (chrome-extension://eimadpbcbfnmbkopoojfekhnkhdbieeh/inject/index.js:4701:25)
    at chrome-extension://eimadpbcbfnmbkopoojfekhnkhdbieeh/inject/index.js:4879:44
    at Set.forEach (<anonymous>)
    at VariablesStore.setVarFilterType (chrome-extension://eimadpbcbfnmbkopoojfekhnkhdbieeh/inject/index.js:4879:22)
    at pushFilter (chrome-extension://eimadpbcbfnmbkopoojfekhnkhdbieeh/inject/index.js:4674:46)
    at getBgImageValue (chrome-extension://eimadpbcbfnmbkopoojfekhnkhdbieeh/inject/index.js:4303:37)
    at chrome-extension://eimadpbcbfnmbkopoojfekhnkhdbieeh/inject/index.js:4198:46
    at async Promise.all (index 0)
[   16088ms] TypeError: Cannot destructure property 'rule' of 'varDeclarations.get(...)' as it is undefined.
    at rebuildVarRule (chrome-extension://eimadpbcbfnmbkopoojfekhnkhdbieeh/inject/index.js:5801:24)
    at chrome-extension://eimadpbcbfnmbkopoojfekhnkhdbieeh/inject/index.js:5697:29
    at callback (chrome-extension://eimadpbcbfnmbkopoojfekhnkhdbieeh/inject/index.js:4701:25)
    at chrome-extension://eimadpbcbfnmbkopoojfekhnkhdbieeh/inject/index.js:4879:44
    at Set.forEach (<anonymous>)
    at VariablesStore.setVarFilterType (chrome-extension://eimadpbcbfnmbkopoojfekhnkhdbieeh/inject/index.js:4879:22)
    at pushFilter (chrome-extension://eimadpbcbfnmbkopoojfekhnkhdbieeh/inject/index.js:4674:46)
    at getBgImageValue (chrome-extension://eimadpbcbfnmbkopoojfekhnkhdbieeh/inject/index.js:4303:37)
    at chrome-extension://eimadpbcbfnmbkopoojfekhnkhdbieeh/inject/index.js:4198:46
    at async Promise.all (index 0)
[   16088ms] TypeError: Cannot destructure property 'rule' of 'varDeclarations.get(...)' as it is undefined.
    at rebuildVarRule (chrome-extension://eimadpbcbfnmbkopoojfekhnkhdbieeh/inject/index.js:5801:24)
    at chrome-extension://eimadpbcbfnmbkopoojfekhnkhdbieeh/inject/index.js:5697:29
    at callback (chrome-extension://eimadpbcbfnmbkopoojfekhnkhdbieeh/inject/index.js:4701:25)
    at chrome-extension://eimadpbcbfnmbkopoojfekhnkhdbieeh/inject/index.js:4879:44
    at Set.forEach (<anonymous>)
    at VariablesStore.setVarFilterType (chrome-extension://eimadpbcbfnmbkopoojfekhnkhdbieeh/inject/index.js:4879:22)
    at pushFilter (chrome-extension://eimadpbcbfnmbkopoojfekhnkhdbieeh/inject/index.js:4674:46)
    at getBgImageValue (chrome-extension://eimadpbcbfnmbkopoojfekhnkhdbieeh/inject/index.js:4283:37)
    at chrome-extension://eimadpbcbfnmbkopoojfekhnkhdbieeh/inject/index.js:4198:46
    at async Promise.all (index 0)
[   16088ms] TypeError: Cannot destructure property 'rule' of 'varDeclarations.get(...)' as it is undefined.
    at rebuildVarRule (chrome-extension://eimadpbcbfnmbkopoojfekhnkhdbieeh/inject/index.js:5801:24)
    at chrome-extension://eimadpbcbfnmbkopoojfekhnkhdbieeh/inject/index.js:5697:29
    at callback (chrome-extension://eimadpbcbfnmbkopoojfekhnkhdbieeh/inject/index.js:4701:25)
    at chrome-extension://eimadpbcbfnmbkopoojfekhnkhdbieeh/inject/index.js:4879:44
    at Set.forEach (<anonymous>)
    at VariablesStore.setVarFilterType (chrome-extension://eimadpbcbfnmbkopoojfekhnkhdbieeh/inject/index.js:4879:22)
    at pushFilter (chrome-extension://eimadpbcbfnmbkopoojfekhnkhdbieeh/inject/index.js:4674:46)
    at getBgImageValue (chrome-extension://eimadpbcbfnmbkopoojfekhnkhdbieeh/inject/index.js:4303:37)
    at chrome-extension://eimadpbcbfnmbkopoojfekhnkhdbieeh/inject/index.js:4198:46
    at async Promise.all (index 0)
[   16088ms] TypeError: Cannot destructure property 'rule' of 'varDeclarations.get(...)' as it is undefined.
    at rebuildVarRule (chrome-extension://eimadpbcbfnmbkopoojfekhnkhdbieeh/inject/index.js:5801:24)
    at chrome-extension://eimadpbcbfnmbkopoojfekhnkhdbieeh/inject/index.js:5697:29
    at callback (chrome-extension://eimadpbcbfnmbkopoojfekhnkhdbieeh/inject/index.js:4701:25)
    at chrome-extension://eimadpbcbfnmbkopoojfekhnkhdbieeh/inject/index.js:4879:44
    at Set.forEach (<anonymous>)
    at VariablesStore.setVarFilterType (chrome-extension://eimadpbcbfnmbkopoojfekhnkhdbieeh/inject/index.js:4879:22)
    at pushFilter (chrome-extension://eimadpbcbfnmbkopoojfekhnkhdbieeh/inject/index.js:4674:46)
    at getBgImageValue (chrome-extension://eimadpbcbfnmbkopoojfekhnkhdbieeh/inject/index.js:4303:37)
    at chrome-extension://eimadpbcbfnmbkopoojfekhnkhdbieeh/inject/index.js:4198:46
    at async Promise.all (index 0)
[   16088ms] TypeError: Cannot destructure property 'rule' of 'varDeclarations.get(...)' as it is undefined.
    at rebuildVarRule (chrome-extension://eimadpbcbfnmbkopoojfekhnkhdbieeh/inject/index.js:5801:24)
    at chrome-extension://eimadpbcbfnmbkopoojfekhnkhdbieeh/inject/index.js:5697:29
    at callback (chrome-extension://eimadpbcbfnmbkopoojfekhnkhdbieeh/inject/index.js:4701:25)
    at chrome-extension://eimadpbcbfnmbkopoojfekhnkhdbieeh/inject/index.js:4879:44
    at Set.forEach (<anonymous>)
    at VariablesStore.setVarFilterType (chrome-extension://eimadpbcbfnmbkopoojfekhnkhdbieeh/inject/index.js:4879:22)
    at pushFilter (chrome-extension://eimadpbcbfnmbkopoojfekhnkhdbieeh/inject/index.js:4674:46)
    at getBgImageValue (chrome-extension://eimadpbcbfnmbkopoojfekhnkhdbieeh/inject/index.js:4303:37)
    at chrome-extension://eimadpbcbfnmbkopoojfekhnkhdbieeh/inject/index.js:4198:46
    at async Promise.all (index 0)
[   16089ms] TypeError: Cannot destructure property 'rule' of 'varDeclarations.get(...)' as it is undefined.
    at rebuildVarRule (chrome-extension://eimadpbcbfnmbkopoojfekhnkhdbieeh/inject/index.js:5801:24)
    at chrome-extension://eimadpbcbfnmbkopoojfekhnkhdbieeh/inject/index.js:5697:29
    at callback (chrome-extension://eimadpbcbfnmbkopoojfekhnkhdbieeh/inject/index.js:4701:25)
    at chrome-extension://eimadpbcbfnmbkopoojfekhnkhdbieeh/inject/index.js:4879:44
    at Set.forEach (<anonymous>)
    at VariablesStore.setVarFilterType (chrome-extension://eimadpbcbfnmbkopoojfekhnkhdbieeh/inject/index.js:4879:22)
    at pushFilter (chrome-extension://eimadpbcbfnmbkopoojfekhnkhdbieeh/inject/index.js:4674:46)
    at getBgImageValue (chrome-extension://eimadpbcbfnmbkopoojfekhnkhdbieeh/inject/index.js:4303:37)
    at chrome-extension://eimadpbcbfnmbkopoojfekhnkhdbieeh/inject/index.js:4198:46
    at async Promise.all (index 0)
[   16089ms] TypeError: Cannot destructure property 'rule' of 'varDeclarations.get(...)' as it is undefined.
    at rebuildVarRule (chrome-extension://eimadpbcbfnmbkopoojfekhnkhdbieeh/inject/index.js:5801:24)
    at chrome-extension://eimadpbcbfnmbkopoojfekhnkhdbieeh/inject/index.js:5697:29
    at callback (chrome-extension://eimadpbcbfnmbkopoojfekhnkhdbieeh/inject/index.js:4701:25)
    at chrome-extension://eimadpbcbfnmbkopoojfekhnkhdbieeh/inject/index.js:4879:44
    at Set.forEach (<anonymous>)
    at VariablesStore.setVarFilterType (chrome-extension://eimadpbcbfnmbkopoojfekhnkhdbieeh/inject/index.js:4879:22)
    at pushFilter (chrome-extension://eimadpbcbfnmbkopoojfekhnkhdbieeh/inject/index.js:4674:46)
    at getBgImageValue (chrome-extension://eimadpbcbfnmbkopoojfekhnkhdbieeh/inject/index.js:4303:37)
    at chrome-extension://eimadpbcbfnmbkopoojfekhnkhdbieeh/inject/index.js:4198:46
    at async Promise.all (index 0)
[   16089ms] TypeError: Cannot destructure property 'rule' of 'varDeclarations.get(...)' as it is undefined.
    at rebuildVarRule (chrome-extension://eimadpbcbfnmbkopoojfekhnkhdbieeh/inject/index.js:5801:24)
    at chrome-extension://eimadpbcbfnmbkopoojfekhnkhdbieeh/inject/index.js:5697:29
    at callback (chrome-extension://eimadpbcbfnmbkopoojfekhnkhdbieeh/inject/index.js:4701:25)
    at chrome-extension://eimadpbcbfnmbkopoojfekhnkhdbieeh/inject/index.js:4879:44
    at Set.forEach (<anonymous>)
    at VariablesStore.setVarFilterType (chrome-extension://eimadpbcbfnmbkopoojfekhnkhdbieeh/inject/index.js:4879:22)
    at pushFilter (chrome-extension://eimadpbcbfnmbkopoojfekhnkhdbieeh/inject/index.js:4674:46)
    at getBgImageValue (chrome-extension://eimadpbcbfnmbkopoojfekhnkhdbieeh/inject/index.js:4303:37)
    at chrome-extension://eimadpbcbfnmbkopoojfekhnkhdbieeh/inject/index.js:4198:46
    at async Promise.all (index 0)
[   16095ms] TypeError: Cannot destructure property 'rule' of 'varDeclarations.get(...)' as it is undefined.
    at rebuildVarRule (chrome-extension://eimadpbcbfnmbkopoojfekhnkhdbieeh/inject/index.js:5801:24)
    at chrome-extension://eimadpbcbfnmbkopoojfekhnkhdbieeh/inject/index.js:5697:29
    at callback (chrome-extension://eimadpbcbfnmbkopoojfekhnkhdbieeh/inject/index.js:4701:25)
    at chrome-extension://eimadpbcbfnmbkopoojfekhnkhdbieeh/inject/index.js:4879:44
    at Set.forEach (<anonymous>)
    at VariablesStore.setVarFilterType (chrome-extension://eimadpbcbfnmbkopoojfekhnkhdbieeh/inject/index.js:4879:22)
    at pushFilter (chrome-extension://eimadpbcbfnmbkopoojfekhnkhdbieeh/inject/index.js:4674:46)
    at getBgImageValue (chrome-extension://eimadpbcbfnmbkopoojfekhnkhdbieeh/inject/index.js:4303:37)
    at chrome-extension://eimadpbcbfnmbkopoojfekhnkhdbieeh/inject/index.js:4198:46
    at async Promise.all (index 0)
[   16771ms] TypeError: Cannot destructure property 'rule' of 'varDeclarations.get(...)' as it is undefined.
    at rebuildVarRule (chrome-extension://eimadpbcbfnmbkopoojfekhnkhdbieeh/inject/index.js:5801:24)
    at chrome-extension://eimadpbcbfnmbkopoojfekhnkhdbieeh/inject/index.js:5697:29
    at callback (chrome-extension://eimadpbcbfnmbkopoojfekhnkhdbieeh/inject/index.js:4701:25)
    at chrome-extension://eimadpbcbfnmbkopoojfekhnkhdbieeh/inject/index.js:4879:44
    at Set.forEach (<anonymous>)
    at VariablesStore.setVarFilterType (chrome-extension://eimadpbcbfnmbkopoojfekhnkhdbieeh/inject/index.js:4879:22)
    at pushFilter (chrome-extension://eimadpbcbfnmbkopoojfekhnkhdbieeh/inject/index.js:4674:46)
    at getBgImageValue (chrome-extension://eimadpbcbfnmbkopoojfekhnkhdbieeh/inject/index.js:4303:37)
    at chrome-extension://eimadpbcbfnmbkopoojfekhnkhdbieeh/inject/index.js:4198:46
    at async Promise.all (index 0)
[   16779ms] TypeError: Cannot destructure property 'rule' of 'varDeclarations.get(...)' as it is undefined.
    at rebuildVarRule (chrome-extension://eimadpbcbfnmbkopoojfekhnkhdbieeh/inject/index.js:5801:24)
    at chrome-extension://eimadpbcbfnmbkopoojfekhnkhdbieeh/inject/index.js:5697:29
    at callback (chrome-extension://eimadpbcbfnmbkopoojfekhnkhdbieeh/inject/index.js:4701:25)
    at chrome-extension://eimadpbcbfnmbkopoojfekhnkhdbieeh/inject/index.js:4879:44
    at Set.forEach (<anonymous>)
    at VariablesStore.setVarFilterType (chrome-extension://eimadpbcbfnmbkopoojfekhnkhdbieeh/inject/index.js:4879:22)
    at pushFilter (chrome-extension://eimadpbcbfnmbkopoojfekhnkhdbieeh/inject/index.js:4674:46)
    at getBgImageValue (chrome-extension://eimadpbcbfnmbkopoojfekhnkhdbieeh/inject/index.js:4303:37)
    at chrome-extension://eimadpbcbfnmbkopoojfekhnkhdbieeh/inject/index.js:4198:46
    at async Promise.all (index 0)
[   16779ms] TypeError: Cannot destructure property 'rule' of 'varDeclarations.get(...)' as it is undefined.
    at rebuildVarRule (chrome-extension://eimadpbcbfnmbkopoojfekhnkhdbieeh/inject/index.js:5801:24)
    at chrome-extension://eimadpbcbfnmbkopoojfekhnkhdbieeh/inject/index.js:5697:29
    at callback (chrome-extension://eimadpbcbfnmbkopoojfekhnkhdbieeh/inject/index.js:4701:25)
    at chrome-extension://eimadpbcbfnmbkopoojfekhnkhdbieeh/inject/index.js:4879:44
    at Set.forEach (<anonymous>)
    at VariablesStore.setVarFilterType (chrome-extension://eimadpbcbfnmbkopoojfekhnkhdbieeh/inject/index.js:4879:22)
    at pushFilter (chrome-extension://eimadpbcbfnmbkopoojfekhnkhdbieeh/inject/index.js:4674:46)
    at getBgImageValue (chrome-extension://eimadpbcbfnmbkopoojfekhnkhdbieeh/inject/index.js:4303:37)
    at chrome-extension://eimadpbcbfnmbkopoojfekhnkhdbieeh/inject/index.js:4198:46
    at async Promise.all (index 0)
[   16779ms] TypeError: Cannot destructure property 'rule' of 'varDeclarations.get(...)' as it is undefined.
    at rebuildVarRule (chrome-extension://eimadpbcbfnmbkopoojfekhnkhdbieeh/inject/index.js:5801:24)
    at chrome-extension://eimadpbcbfnmbkopoojfekhnkhdbieeh/inject/index.js:5697:29
    at callback (chrome-extension://eimadpbcbfnmbkopoojfekhnkhdbieeh/inject/index.js:4701:25)
    at chrome-extension://eimadpbcbfnmbkopoojfekhnkhdbieeh/inject/index.js:4879:44
    at Set.forEach (<anonymous>)
    at VariablesStore.setVarFilterType (chrome-extension://eimadpbcbfnmbkopoojfekhnkhdbieeh/inject/index.js:4879:22)
    at pushFilter (chrome-extension://eimadpbcbfnmbkopoojfekhnkhdbieeh/inject/index.js:4674:46)
    at getBgImageValue (chrome-extension://eimadpbcbfnmbkopoojfekhnkhdbieeh/inject/index.js:4303:37)
    at chrome-extension://eimadpbcbfnmbkopoojfekhnkhdbieeh/inject/index.js:4198:46
    at async Promise.all (index 0)
[   16779ms] TypeError: Cannot destructure property 'rule' of 'varDeclarations.get(...)' as it is undefined.
    at rebuildVarRule (chrome-extension://eimadpbcbfnmbkopoojfekhnkhdbieeh/inject/index.js:5801:24)
    at chrome-extension://eimadpbcbfnmbkopoojfekhnkhdbieeh/inject/index.js:5697:29
    at callback (chrome-extension://eimadpbcbfnmbkopoojfekhnkhdbieeh/inject/index.js:4701:25)
    at chrome-extension://eimadpbcbfnmbkopoojfekhnkhdbieeh/inject/index.js:4879:44
    at Set.forEach (<anonymous>)
    at VariablesStore.setVarFilterType (chrome-extension://eimadpbcbfnmbkopoojfekhnkhdbieeh/inject/index.js:4879:22)
    at pushFilter (chrome-extension://eimadpbcbfnmbkopoojfekhnkhdbieeh/inject/index.js:4674:46)
    at getBgImageValue (chrome-extension://eimadpbcbfnmbkopoojfekhnkhdbieeh/inject/index.js:4303:37)
    at chrome-extension://eimadpbcbfnmbkopoojfekhnkhdbieeh/inject/index.js:4198:46
    at async Promise.all (index 0)
[   16779ms] TypeError: Cannot destructure property 'rule' of 'varDeclarations.get(...)' as it is undefined.
    at rebuildVarRule (chrome-extension://eimadpbcbfnmbkopoojfekhnkhdbieeh/inject/index.js:5801:24)
    at chrome-extension://eimadpbcbfnmbkopoojfekhnkhdbieeh/inject/index.js:5697:29
    at callback (chrome-extension://eimadpbcbfnmbkopoojfekhnkhdbieeh/inject/index.js:4701:25)
    at chrome-extension://eimadpbcbfnmbkopoojfekhnkhdbieeh/inject/index.js:4879:44
    at Set.forEach (<anonymous>)
    at VariablesStore.setVarFilterType (chrome-extension://eimadpbcbfnmbkopoojfekhnkhdbieeh/inject/index.js:4879:22)
    at pushFilter (chrome-extension://eimadpbcbfnmbkopoojfekhnkhdbieeh/inject/index.js:4674:46)
    at getBgImageValue (chrome-extension://eimadpbcbfnmbkopoojfekhnkhdbieeh/inject/index.js:4303:37)
    at chrome-extension://eimadpbcbfnmbkopoojfekhnkhdbieeh/inject/index.js:4198:46
    at async Promise.all (index 0)
[   16779ms] TypeError: Cannot destructure property 'rule' of 'varDeclarations.get(...)' as it is undefined.
    at rebuildVarRule (chrome-extension://eimadpbcbfnmbkopoojfekhnkhdbieeh/inject/index.js:5801:24)
    at chrome-extension://eimadpbcbfnmbkopoojfekhnkhdbieeh/inject/index.js:5697:29
    at callback (chrome-extension://eimadpbcbfnmbkopoojfekhnkhdbieeh/inject/index.js:4701:25)
    at chrome-extension://eimadpbcbfnmbkopoojfekhnkhdbieeh/inject/index.js:4879:44
    at Set.forEach (<anonymous>)
    at VariablesStore.setVarFilterType (chrome-extension://eimadpbcbfnmbkopoojfekhnkhdbieeh/inject/index.js:4879:22)
    at pushFilter (chrome-extension://eimadpbcbfnmbkopoojfekhnkhdbieeh/inject/index.js:4674:46)
    at getBgImageValue (chrome-extension://eimadpbcbfnmbkopoojfekhnkhdbieeh/inject/index.js:4303:37)
    at chrome-extension://eimadpbcbfnmbkopoojfekhnkhdbieeh/inject/index.js:4198:46
    at async Promise.all (index 0)
[   16780ms] TypeError: Cannot destructure property 'rule' of 'varDeclarations.get(...)' as it is undefined.
    at rebuildVarRule (chrome-extension://eimadpbcbfnmbkopoojfekhnkhdbieeh/inject/index.js:5801:24)
    at chrome-extension://eimadpbcbfnmbkopoojfekhnkhdbieeh/inject/index.js:5697:29
    at callback (chrome-extension://eimadpbcbfnmbkopoojfekhnkhdbieeh/inject/index.js:4701:25)
    at chrome-extension://eimadpbcbfnmbkopoojfekhnkhdbieeh/inject/index.js:4879:44
    at Set.forEach (<anonymous>)
    at VariablesStore.setVarFilterType (chrome-extension://eimadpbcbfnmbkopoojfekhnkhdbieeh/inject/index.js:4879:22)
    at pushFilter (chrome-extension://eimadpbcbfnmbkopoojfekhnkhdbieeh/inject/index.js:4674:46)
    at getBgImageValue (chrome-extension://eimadpbcbfnmbkopoojfekhnkhdbieeh/inject/index.js:4303:37)
    at chrome-extension://eimadpbcbfnmbkopoojfekhnkhdbieeh/inject/index.js:4198:46
    at async Promise.all (index 0)
[   16780ms] TypeError: Cannot destructure property 'rule' of 'varDeclarations.get(...)' as it is undefined.
    at rebuildVarRule (chrome-extension://eimadpbcbfnmbkopoojfekhnkhdbieeh/inject/index.js:5801:24)
    at chrome-extension://eimadpbcbfnmbkopoojfekhnkhdbieeh/inject/index.js:5697:29
    at callback (chrome-extension://eimadpbcbfnmbkopoojfekhnkhdbieeh/inject/index.js:4701:25)
    at chrome-extension://eimadpbcbfnmbkopoojfekhnkhdbieeh/inject/index.js:4879:44
    at Set.forEach (<anonymous>)
    at VariablesStore.setVarFilterType (chrome-extension://eimadpbcbfnmbkopoojfekhnkhdbieeh/inject/index.js:4879:22)
    at pushFilter (chrome-extension://eimadpbcbfnmbkopoojfekhnkhdbieeh/inject/index.js:4674:46)
    at getBgImageValue (chrome-extension://eimadpbcbfnmbkopoojfekhnkhdbieeh/inject/index.js:4303:37)
    at chrome-extension://eimadpbcbfnmbkopoojfekhnkhdbieeh/inject/index.js:4198:46
    at async Promise.all (index 0)
[   16780ms] TypeError: Cannot destructure property 'rule' of 'varDeclarations.get(...)' as it is undefined.
    at rebuildVarRule (chrome-extension://eimadpbcbfnmbkopoojfekhnkhdbieeh/inject/index.js:5801:24)
    at chrome-extension://eimadpbcbfnmbkopoojfekhnkhdbieeh/inject/index.js:5697:29
    at callback (chrome-extension://eimadpbcbfnmbkopoojfekhnkhdbieeh/inject/index.js:4701:25)
    at chrome-extension://eimadpbcbfnmbkopoojfekhnkhdbieeh/inject/index.js:4879:44
    at Set.forEach (<anonymous>)
    at VariablesStore.setVarFilterType (chrome-extension://eimadpbcbfnmbkopoojfekhnkhdbieeh/inject/index.js:4879:22)
    at pushFilter (chrome-extension://eimadpbcbfnmbkopoojfekhnkhdbieeh/inject/index.js:4674:46)
    at getBgImageValue (chrome-extension://eimadpbcbfnmbkopoojfekhnkhdbieeh/inject/index.js:4303:37)
    at chrome-extension://eimadpbcbfnmbkopoojfekhnkhdbieeh/inject/index.js:4198:46
    at async Promise.all (index 0)
[   16780ms] TypeError: Cannot destructure property 'rule' of 'varDeclarations.get(...)' as it is undefined.
    at rebuildVarRule (chrome-extension://eimadpbcbfnmbkopoojfekhnkhdbieeh/inject/index.js:5801:24)
    at chrome-extension://eimadpbcbfnmbkopoojfekhnkhdbieeh/inject/index.js:5697:29
    at callback (chrome-extension://eimadpbcbfnmbkopoojfekhnkhdbieeh/inject/index.js:4701:25)
    at chrome-extension://eimadpbcbfnmbkopoojfekhnkhdbieeh/inject/index.js:4879:44
    at Set.forEach (<anonymous>)
    at VariablesStore.setVarFilterType (chrome-extension://eimadpbcbfnmbkopoojfekhnkhdbieeh/inject/index.js:4879:22)
    at pushFilter (chrome-extension://eimadpbcbfnmbkopoojfekhnkhdbieeh/inject/index.js:4674:46)
    at getBgImageValue (chrome-extension://eimadpbcbfnmbkopoojfekhnkhdbieeh/inject/index.js:4303:37)
    at chrome-extension://eimadpbcbfnmbkopoojfekhnkhdbieeh/inject/index.js:4198:46
    at async Promise.all (index 0)
[   16784ms] TypeError: Cannot destructure property 'rule' of 'varDeclarations.get(...)' as it is undefined.
    at rebuildVarRule (chrome-extension://eimadpbcbfnmbkopoojfekhnkhdbieeh/inject/index.js:5801:24)
    at chrome-extension://eimadpbcbfnmbkopoojfekhnkhdbieeh/inject/index.js:5697:29
    at callback (chrome-extension://eimadpbcbfnmbkopoojfekhnkhdbieeh/inject/index.js:4701:25)
    at chrome-extension://eimadpbcbfnmbkopoojfekhnkhdbieeh/inject/index.js:4879:44
    at Set.forEach (<anonymous>)
    at VariablesStore.setVarFilterType (chrome-extension://eimadpbcbfnmbkopoojfekhnkhdbieeh/inject/index.js:4879:22)
    at pushFilter (chrome-extension://eimadpbcbfnmbkopoojfekhnkhdbieeh/inject/index.js:4674:46)
    at getBgImageValue (chrome-extension://eimadpbcbfnmbkopoojfekhnkhdbieeh/inject/index.js:4303:37)
    at chrome-extension://eimadpbcbfnmbkopoojfekhnkhdbieeh/inject/index.js:4198:46
    at async Promise.all (index 0)
[   16784ms] TypeError: Cannot destructure property 'rule' of 'varDeclarations.get(...)' as it is undefined.
    at rebuildVarRule (chrome-extension://eimadpbcbfnmbkopoojfekhnkhdbieeh/inject/index.js:5801:24)
    at chrome-extension://eimadpbcbfnmbkopoojfekhnkhdbieeh/inject/index.js:5697:29
    at callback (chrome-extension://eimadpbcbfnmbkopoojfekhnkhdbieeh/inject/index.js:4701:25)
    at chrome-extension://eimadpbcbfnmbkopoojfekhnkhdbieeh/inject/index.js:4879:44
    at Set.forEach (<anonymous>)
    at VariablesStore.setVarFilterType (chrome-extension://eimadpbcbfnmbkopoojfekhnkhdbieeh/inject/index.js:4879:22)
    at pushFilter (chrome-extension://eimadpbcbfnmbkopoojfekhnkhdbieeh/inject/index.js:4674:46)
    at getBgImageValue (chrome-extension://eimadpbcbfnmbkopoojfekhnkhdbieeh/inject/index.js:4303:37)
    at chrome-extension://eimadpbcbfnmbkopoojfekhnkhdbieeh/inject/index.js:4198:46
    at async Promise.all (index 0)
[   16784ms] TypeError: Cannot destructure property 'rule' of 'varDeclarations.get(...)' as it is undefined.
    at rebuildVarRule (chrome-extension://eimadpbcbfnmbkopoojfekhnkhdbieeh/inject/index.js:5801:24)
    at chrome-extension://eimadpbcbfnmbkopoojfekhnkhdbieeh/inject/index.js:5697:29
    at callback (chrome-extension://eimadpbcbfnmbkopoojfekhnkhdbieeh/inject/index.js:4701:25)
    at chrome-extension://eimadpbcbfnmbkopoojfekhnkhdbieeh/inject/index.js:4879:44
    at Set.forEach (<anonymous>)
    at VariablesStore.setVarFilterType (chrome-extension://eimadpbcbfnmbkopoojfekhnkhdbieeh/inject/index.js:4879:22)
    at pushFilter (chrome-extension://eimadpbcbfnmbkopoojfekhnkhdbieeh/inject/index.js:4674:46)
    at getBgImageValue (chrome-extension://eimadpbcbfnmbkopoojfekhnkhdbieeh/inject/index.js:4303:37)
    at chrome-extension://eimadpbcbfnmbkopoojfekhnkhdbieeh/inject/index.js:4198:46
    at async Promise.all (index 0)
[   16784ms] TypeError: Cannot destructure property 'rule' of 'varDeclarations.get(...)' as it is undefined.
    at rebuildVarRule (chrome-extension://eimadpbcbfnmbkopoojfekhnkhdbieeh/inject/index.js:5801:24)
    at chrome-extension://eimadpbcbfnmbkopoojfekhnkhdbieeh/inject/index.js:5697:29
    at callback (chrome-extension://eimadpbcbfnmbkopoojfekhnkhdbieeh/inject/index.js:4701:25)
    at chrome-extension://eimadpbcbfnmbkopoojfekhnkhdbieeh/inject/index.js:4879:44
    at Set.forEach (<anonymous>)
    at VariablesStore.setVarFilterType (chrome-extension://eimadpbcbfnmbkopoojfekhnkhdbieeh/inject/index.js:4879:22)
    at pushFilter (chrome-extension://eimadpbcbfnmbkopoojfekhnkhdbieeh/inject/index.js:4674:46)
    at getBgImageValue (chrome-extension://eimadpbcbfnmbkopoojfekhnkhdbieeh/inject/index.js:4303:37)
    at chrome-extension://eimadpbcbfnmbkopoojfekhnkhdbieeh/inject/index.js:4198:46
    at async Promise.all (index 0)
[   16784ms] TypeError: Cannot destructure property 'rule' of 'varDeclarations.get(...)' as it is undefined.
    at rebuildVarRule (chrome-extension://eimadpbcbfnmbkopoojfekhnkhdbieeh/inject/index.js:5801:24)
    at chrome-extension://eimadpbcbfnmbkopoojfekhnkhdbieeh/inject/index.js:5697:29
    at callback (chrome-extension://eimadpbcbfnmbkopoojfekhnkhdbieeh/inject/index.js:4701:25)
    at chrome-extension://eimadpbcbfnmbkopoojfekhnkhdbieeh/inject/index.js:4879:44
    at Set.forEach (<anonymous>)
    at VariablesStore.setVarFilterType (chrome-extension://eimadpbcbfnmbkopoojfekhnkhdbieeh/inject/index.js:4879:22)
    at pushFilter (chrome-extension://eimadpbcbfnmbkopoojfekhnkhdbieeh/inject/index.js:4674:46)
    at getBgImageValue (chrome-extension://eimadpbcbfnmbkopoojfekhnkhdbieeh/inject/index.js:4303:37)
    at chrome-extension://eimadpbcbfnmbkopoojfekhnkhdbieeh/inject/index.js:4198:46
    at async Promise.all (index 0)
[   16790ms] TypeError: Cannot destructure property 'rule' of 'varDeclarations.get(...)' as it is undefined.
    at rebuildVarRule (chrome-extension://eimadpbcbfnmbkopoojfekhnkhdbieeh/inject/index.js:5801:24)
    at chrome-extension://eimadpbcbfnmbkopoojfekhnkhdbieeh/inject/index.js:5697:29
    at callback (chrome-extension://eimadpbcbfnmbkopoojfekhnkhdbieeh/inject/index.js:4701:25)
    at chrome-extension://eimadpbcbfnmbkopoojfekhnkhdbieeh/inject/index.js:4879:44
    at Set.forEach (<anonymous>)
    at VariablesStore.setVarFilterType (chrome-extension://eimadpbcbfnmbkopoojfekhnkhdbieeh/inject/index.js:4879:22)
    at pushFilter (chrome-extension://eimadpbcbfnmbkopoojfekhnkhdbieeh/inject/index.js:4674:46)
    at getBgImageValue (chrome-extension://eimadpbcbfnmbkopoojfekhnkhdbieeh/inject/index.js:4303:37)
    at chrome-extension://eimadpbcbfnmbkopoojfekhnkhdbieeh/inject/index.js:4198:46
    at async Promise.all (index 0)
[   16790ms] TypeError: Cannot destructure property 'rule' of 'varDeclarations.get(...)' as it is undefined.
    at rebuildVarRule (chrome-extension://eimadpbcbfnmbkopoojfekhnkhdbieeh/inject/index.js:5801:24)
    at chrome-extension://eimadpbcbfnmbkopoojfekhnkhdbieeh/inject/index.js:5697:29
    at callback (chrome-extension://eimadpbcbfnmbkopoojfekhnkhdbieeh/inject/index.js:4701:25)
    at chrome-extension://eimadpbcbfnmbkopoojfekhnkhdbieeh/inject/index.js:4879:44
    at Set.forEach (<anonymous>)
    at VariablesStore.setVarFilterType (chrome-extension://eimadpbcbfnmbkopoojfekhnkhdbieeh/inject/index.js:4879:22)
    at pushFilter (chrome-extension://eimadpbcbfnmbkopoojfekhnkhdbieeh/inject/index.js:4674:46)
    at getBgImageValue (chrome-extension://eimadpbcbfnmbkopoojfekhnkhdbieeh/inject/index.js:4303:37)
    at chrome-extension://eimadpbcbfnmbkopoojfekhnkhdbieeh/inject/index.js:4198:46
    at async Promise.all (index 0)
[   16790ms] TypeError: Cannot destructure property 'rule' of 'varDeclarations.get(...)' as it is undefined.
    at rebuildVarRule (chrome-extension://eimadpbcbfnmbkopoojfekhnkhdbieeh/inject/index.js:5801:24)
    at chrome-extension://eimadpbcbfnmbkopoojfekhnkhdbieeh/inject/index.js:5697:29
    at callback (chrome-extension://eimadpbcbfnmbkopoojfekhnkhdbieeh/inject/index.js:4701:25)
    at chrome-extension://eimadpbcbfnmbkopoojfekhnkhdbieeh/inject/index.js:4879:44
    at Set.forEach (<anonymous>)
    at VariablesStore.setVarFilterType (chrome-extension://eimadpbcbfnmbkopoojfekhnkhdbieeh/inject/index.js:4879:22)
    at pushFilter (chrome-extension://eimadpbcbfnmbkopoojfekhnkhdbieeh/inject/index.js:4674:46)
    at getBgImageValue (chrome-extension://eimadpbcbfnmbkopoojfekhnkhdbieeh/inject/index.js:4303:37)
    at chrome-extension://eimadpbcbfnmbkopoojfekhnkhdbieeh/inject/index.js:4198:46
    at async Promise.all (index 0)
[   16791ms] TypeError: Cannot destructure property 'rule' of 'varDeclarations.get(...)' as it is undefined.
    at rebuildVarRule (chrome-extension://eimadpbcbfnmbkopoojfekhnkhdbieeh/inject/index.js:5801:24)
    at chrome-extension://eimadpbcbfnmbkopoojfekhnkhdbieeh/inject/index.js:5697:29
    at callback (chrome-extension://eimadpbcbfnmbkopoojfekhnkhdbieeh/inject/index.js:4701:25)
    at chrome-extension://eimadpbcbfnmbkopoojfekhnkhdbieeh/inject/index.js:4879:44
    at Set.forEach (<anonymous>)
    at VariablesStore.setVarFilterType (chrome-extension://eimadpbcbfnmbkopoojfekhnkhdbieeh/inject/index.js:4879:22)
    at pushFilter (chrome-extension://eimadpbcbfnmbkopoojfekhnkhdbieeh/inject/index.js:4674:46)
    at getBgImageValue (chrome-extension://eimadpbcbfnmbkopoojfekhnkhdbieeh/inject/index.js:4303:37)
    at chrome-extension://eimadpbcbfnmbkopoojfekhnkhdbieeh/inject/index.js:4198:46
    at async Promise.all (index 0)
[   16791ms] TypeError: Cannot destructure property 'rule' of 'varDeclarations.get(...)' as it is undefined.
    at rebuildVarRule (chrome-extension://eimadpbcbfnmbkopoojfekhnkhdbieeh/inject/index.js:5801:24)
    at chrome-extension://eimadpbcbfnmbkopoojfekhnkhdbieeh/inject/index.js:5697:29
    at callback (chrome-extension://eimadpbcbfnmbkopoojfekhnkhdbieeh/inject/index.js:4701:25)
    at chrome-extension://eimadpbcbfnmbkopoojfekhnkhdbieeh/inject/index.js:4879:44
    at Set.forEach (<anonymous>)
    at VariablesStore.setVarFilterType (chrome-extension://eimadpbcbfnmbkopoojfekhnkhdbieeh/inject/index.js:4879:22)
    at pushFilter (chrome-extension://eimadpbcbfnmbkopoojfekhnkhdbieeh/inject/index.js:4674:46)
    at getBgImageValue (chrome-extension://eimadpbcbfnmbkopoojfekhnkhdbieeh/inject/index.js:4303:37)
    at chrome-extension://eimadpbcbfnmbkopoojfekhnkhdbieeh/inject/index.js:4198:46
    at async Promise.all (index 0)
[   16793ms] TypeError: Cannot destructure property 'rule' of 'varDeclarations.get(...)' as it is undefined.
    at rebuildVarRule (chrome-extension://eimadpbcbfnmbkopoojfekhnkhdbieeh/inject/index.js:5801:24)
    at chrome-extension://eimadpbcbfnmbkopoojfekhnkhdbieeh/inject/index.js:5697:29
    at callback (chrome-extension://eimadpbcbfnmbkopoojfekhnkhdbieeh/inject/index.js:4701:25)
    at chrome-extension://eimadpbcbfnmbkopoojfekhnkhdbieeh/inject/index.js:4879:44
    at Set.forEach (<anonymous>)
    at VariablesStore.setVarFilterType (chrome-extension://eimadpbcbfnmbkopoojfekhnkhdbieeh/inject/index.js:4879:22)
    at pushFilter (chrome-extension://eimadpbcbfnmbkopoojfekhnkhdbieeh/inject/index.js:4674:46)
    at getBgImageValue (chrome-extension://eimadpbcbfnmbkopoojfekhnkhdbieeh/inject/index.js:4303:37)
    at chrome-extension://eimadpbcbfnmbkopoojfekhnkhdbieeh/inject/index.js:4198:46
    at async Promise.all (index 0)
[   16793ms] TypeError: Cannot destructure property 'rule' of 'varDeclarations.get(...)' as it is undefined.
    at rebuildVarRule (chrome-extension://eimadpbcbfnmbkopoojfekhnkhdbieeh/inject/index.js:5801:24)
    at chrome-extension://eimadpbcbfnmbkopoojfekhnkhdbieeh/inject/index.js:5697:29
    at callback (chrome-extension://eimadpbcbfnmbkopoojfekhnkhdbieeh/inject/index.js:4701:25)
    at chrome-extension://eimadpbcbfnmbkopoojfekhnkhdbieeh/inject/index.js:4879:44
    at Set.forEach (<anonymous>)
    at VariablesStore.setVarFilterType (chrome-extension://eimadpbcbfnmbkopoojfekhnkhdbieeh/inject/index.js:4879:22)
    at pushFilter (chrome-extension://eimadpbcbfnmbkopoojfekhnkhdbieeh/inject/index.js:4674:46)
    at getBgImageValue (chrome-extension://eimadpbcbfnmbkopoojfekhnkhdbieeh/inject/index.js:4303:37)
    at chrome-extension://eimadpbcbfnmbkopoojfekhnkhdbieeh/inject/index.js:4198:46
    at async Promise.all (index 0)
[   16794ms] TypeError: Cannot destructure property 'rule' of 'varDeclarations.get(...)' as it is undefined.
    at rebuildVarRule (chrome-extension://eimadpbcbfnmbkopoojfekhnkhdbieeh/inject/index.js:5801:24)
    at chrome-extension://eimadpbcbfnmbkopoojfekhnkhdbieeh/inject/index.js:5697:29
    at callback (chrome-extension://eimadpbcbfnmbkopoojfekhnkhdbieeh/inject/index.js:4701:25)
    at chrome-extension://eimadpbcbfnmbkopoojfekhnkhdbieeh/inject/index.js:4879:44
    at Set.forEach (<anonymous>)
    at VariablesStore.setVarFilterType (chrome-extension://eimadpbcbfnmbkopoojfekhnkhdbieeh/inject/index.js:4879:22)
    at pushFilter (chrome-extension://eimadpbcbfnmbkopoojfekhnkhdbieeh/inject/index.js:4674:46)
    at getBgImageValue (chrome-extension://eimadpbcbfnmbkopoojfekhnkhdbieeh/inject/index.js:4303:37)
    at chrome-extension://eimadpbcbfnmbkopoojfekhnkhdbieeh/inject/index.js:4198:46
    at async Promise.all (index 0)
[   16794ms] TypeError: Cannot destructure property 'rule' of 'varDeclarations.get(...)' as it is undefined.
    at rebuildVarRule (chrome-extension://eimadpbcbfnmbkopoojfekhnkhdbieeh/inject/index.js:5801:24)
    at chrome-extension://eimadpbcbfnmbkopoojfekhnkhdbieeh/inject/index.js:5697:29
    at callback (chrome-extension://eimadpbcbfnmbkopoojfekhnkhdbieeh/inject/index.js:4701:25)
    at chrome-extension://eimadpbcbfnmbkopoojfekhnkhdbieeh/inject/index.js:4879:44
    at Set.forEach (<anonymous>)
    at VariablesStore.setVarFilterType (chrome-extension://eimadpbcbfnmbkopoojfekhnkhdbieeh/inject/index.js:4879:22)
    at pushFilter (chrome-extension://eimadpbcbfnmbkopoojfekhnkhdbieeh/inject/index.js:4674:46)
    at getBgImageValue (chrome-extension://eimadpbcbfnmbkopoojfekhnkhdbieeh/inject/index.js:4303:37)
    at chrome-extension://eimadpbcbfnmbkopoojfekhnkhdbieeh/inject/index.js:4198:46
    at async Promise.all (index 0)
[   16800ms] TypeError: Cannot destructure property 'rule' of 'varDeclarations.get(...)' as it is undefined.
    at rebuildVarRule (chrome-extension://eimadpbcbfnmbkopoojfekhnkhdbieeh/inject/index.js:5801:24)
    at chrome-extension://eimadpbcbfnmbkopoojfekhnkhdbieeh/inject/index.js:5697:29
    at callback (chrome-extension://eimadpbcbfnmbkopoojfekhnkhdbieeh/inject/index.js:4701:25)
    at chrome-extension://eimadpbcbfnmbkopoojfekhnkhdbieeh/inject/index.js:4879:44
    at Set.forEach (<anonymous>)
    at VariablesStore.setVarFilterType (chrome-extension://eimadpbcbfnmbkopoojfekhnkhdbieeh/inject/index.js:4879:22)
    at pushFilter (chrome-extension://eimadpbcbfnmbkopoojfekhnkhdbieeh/inject/index.js:4674:46)
    at getBgImageValue (chrome-extension://eimadpbcbfnmbkopoojfekhnkhdbieeh/inject/index.js:4303:37)
    at chrome-extension://eimadpbcbfnmbkopoojfekhnkhdbieeh/inject/index.js:4198:46
    at async Promise.all (index 0)
[   16806ms] TypeError: Cannot destructure property 'rule' of 'varDeclarations.get(...)' as it is undefined.
    at rebuildVarRule (chrome-extension://eimadpbcbfnmbkopoojfekhnkhdbieeh/inject/index.js:5801:24)
    at chrome-extension://eimadpbcbfnmbkopoojfekhnkhdbieeh/inject/index.js:5697:29
    at callback (chrome-extension://eimadpbcbfnmbkopoojfekhnkhdbieeh/inject/index.js:4701:25)
    at chrome-extension://eimadpbcbfnmbkopoojfekhnkhdbieeh/inject/index.js:4879:44
    at Set.forEach (<anonymous>)
    at VariablesStore.setVarFilterType (chrome-extension://eimadpbcbfnmbkopoojfekhnkhdbieeh/inject/index.js:4879:22)
    at pushFilter (chrome-extension://eimadpbcbfnmbkopoojfekhnkhdbieeh/inject/index.js:4674:46)
    at getBgImageValue (chrome-extension://eimadpbcbfnmbkopoojfekhnkhdbieeh/inject/index.js:4303:37)
    at chrome-extension://eimadpbcbfnmbkopoojfekhnkhdbieeh/inject/index.js:4198:46
    at async Promise.all (index 0)
[   16807ms] TypeError: Cannot destructure property 'rule' of 'varDeclarations.get(...)' as it is undefined.
    at rebuildVarRule (chrome-extension://eimadpbcbfnmbkopoojfekhnkhdbieeh/inject/index.js:5801:24)
    at chrome-extension://eimadpbcbfnmbkopoojfekhnkhdbieeh/inject/index.js:5697:29
    at callback (chrome-extension://eimadpbcbfnmbkopoojfekhnkhdbieeh/inject/index.js:4701:25)
    at chrome-extension://eimadpbcbfnmbkopoojfekhnkhdbieeh/inject/index.js:4879:44
    at Set.forEach (<anonymous>)
    at VariablesStore.setVarFilterType (chrome-extension://eimadpbcbfnmbkopoojfekhnkhdbieeh/inject/index.js:4879:22)
    at pushFilter (chrome-extension://eimadpbcbfnmbkopoojfekhnkhdbieeh/inject/index.js:4674:46)
    at getBgImageValue (chrome-extension://eimadpbcbfnmbkopoojfekhnkhdbieeh/inject/index.js:4283:37)
    at chrome-extension://eimadpbcbfnmbkopoojfekhnkhdbieeh/inject/index.js:4198:46
    at async Promise.all (index 0)
[   16807ms] TypeError: Cannot destructure property 'rule' of 'varDeclarations.get(...)' as it is undefined.
    at rebuildVarRule (chrome-extension://eimadpbcbfnmbkopoojfekhnkhdbieeh/inject/index.js:5801:24)
    at chrome-extension://eimadpbcbfnmbkopoojfekhnkhdbieeh/inject/index.js:5697:29
    at callback (chrome-extension://eimadpbcbfnmbkopoojfekhnkhdbieeh/inject/index.js:4701:25)
    at chrome-extension://eimadpbcbfnmbkopoojfekhnkhdbieeh/inject/index.js:4879:44
    at Set.forEach (<anonymous>)
    at VariablesStore.setVarFilterType (chrome-extension://eimadpbcbfnmbkopoojfekhnkhdbieeh/inject/index.js:4879:22)
    at pushFilter (chrome-extension://eimadpbcbfnmbkopoojfekhnkhdbieeh/inject/index.js:4674:46)
    at getBgImageValue (chrome-extension://eimadpbcbfnmbkopoojfekhnkhdbieeh/inject/index.js:4303:37)
    at chrome-extension://eimadpbcbfnmbkopoojfekhnkhdbieeh/inject/index.js:4198:46
    at async Promise.all (index 0)
[   16807ms] TypeError: Cannot destructure property 'rule' of 'varDeclarations.get(...)' as it is undefined.
    at rebuildVarRule (chrome-extension://eimadpbcbfnmbkopoojfekhnkhdbieeh/inject/index.js:5801:24)
    at chrome-extension://eimadpbcbfnmbkopoojfekhnkhdbieeh/inject/index.js:5697:29
    at callback (chrome-extension://eimadpbcbfnmbkopoojfekhnkhdbieeh/inject/index.js:4701:25)
    at chrome-extension://eimadpbcbfnmbkopoojfekhnkhdbieeh/inject/index.js:4879:44
    at Set.forEach (<anonymous>)
    at VariablesStore.setVarFilterType (chrome-extension://eimadpbcbfnmbkopoojfekhnkhdbieeh/inject/index.js:4879:22)
    at pushFilter (chrome-extension://eimadpbcbfnmbkopoojfekhnkhdbieeh/inject/index.js:4674:46)
    at getBgImageValue (chrome-extension://eimadpbcbfnmbkopoojfekhnkhdbieeh/inject/index.js:4303:37)
    at chrome-extension://eimadpbcbfnmbkopoojfekhnkhdbieeh/inject/index.js:4198:46
    at async Promise.all (index 0)
[   16807ms] TypeError: Cannot destructure property 'rule' of 'varDeclarations.get(...)' as it is undefined.
    at rebuildVarRule (chrome-extension://eimadpbcbfnmbkopoojfekhnkhdbieeh/inject/index.js:5801:24)
    at chrome-extension://eimadpbcbfnmbkopoojfekhnkhdbieeh/inject/index.js:5697:29
    at callback (chrome-extension://eimadpbcbfnmbkopoojfekhnkhdbieeh/inject/index.js:4701:25)
    at chrome-extension://eimadpbcbfnmbkopoojfekhnkhdbieeh/inject/index.js:4879:44
    at Set.forEach (<anonymous>)
    at VariablesStore.setVarFilterType (chrome-extension://eimadpbcbfnmbkopoojfekhnkhdbieeh/inject/index.js:4879:22)
    at pushFilter (chrome-extension://eimadpbcbfnmbkopoojfekhnkhdbieeh/inject/index.js:4674:46)
    at getBgImageValue (chrome-extension://eimadpbcbfnmbkopoojfekhnkhdbieeh/inject/index.js:4303:37)
    at chrome-extension://eimadpbcbfnmbkopoojfekhnkhdbieeh/inject/index.js:4198:46
    at async Promise.all (index 0)
[   16807ms] TypeError: Cannot destructure property 'rule' of 'varDeclarations.get(...)' as it is undefined.
    at rebuildVarRule (chrome-extension://eimadpbcbfnmbkopoojfekhnkhdbieeh/inject/index.js:5801:24)
    at chrome-extension://eimadpbcbfnmbkopoojfekhnkhdbieeh/inject/index.js:5697:29
    at callback (chrome-extension://eimadpbcbfnmbkopoojfekhnkhdbieeh/inject/index.js:4701:25)
    at chrome-extension://eimadpbcbfnmbkopoojfekhnkhdbieeh/inject/index.js:4879:44
    at Set.forEach (<anonymous>)
    at VariablesStore.setVarFilterType (chrome-extension://eimadpbcbfnmbkopoojfekhnkhdbieeh/inject/index.js:4879:22)
    at pushFilter (chrome-extension://eimadpbcbfnmbkopoojfekhnkhdbieeh/inject/index.js:4674:46)
    at getBgImageValue (chrome-extension://eimadpbcbfnmbkopoojfekhnkhdbieeh/inject/index.js:4303:37)
    at chrome-extension://eimadpbcbfnmbkopoojfekhnkhdbieeh/inject/index.js:4198:46
    at async Promise.all (index 0)
[   16807ms] TypeError: Cannot destructure property 'rule' of 'varDeclarations.get(...)' as it is undefined.
    at rebuildVarRule (chrome-extension://eimadpbcbfnmbkopoojfekhnkhdbieeh/inject/index.js:5801:24)
    at chrome-extension://eimadpbcbfnmbkopoojfekhnkhdbieeh/inject/index.js:5697:29
    at callback (chrome-extension://eimadpbcbfnmbkopoojfekhnkhdbieeh/inject/index.js:4701:25)
    at chrome-extension://eimadpbcbfnmbkopoojfekhnkhdbieeh/inject/index.js:4879:44
    at Set.forEach (<anonymous>)
    at VariablesStore.setVarFilterType (chrome-extension://eimadpbcbfnmbkopoojfekhnkhdbieeh/inject/index.js:4879:22)
    at pushFilter (chrome-extension://eimadpbcbfnmbkopoojfekhnkhdbieeh/inject/index.js:4674:46)
    at getBgImageValue (chrome-extension://eimadpbcbfnmbkopoojfekhnkhdbieeh/inject/index.js:4303:37)
    at chrome-extension://eimadpbcbfnmbkopoojfekhnkhdbieeh/inject/index.js:4198:46
    at async Promise.all (index 0)
[   16807ms] TypeError: Cannot destructure property 'rule' of 'varDeclarations.get(...)' as it is undefined.
    at rebuildVarRule (chrome-extension://eimadpbcbfnmbkopoojfekhnkhdbieeh/inject/index.js:5801:24)
    at chrome-extension://eimadpbcbfnmbkopoojfekhnkhdbieeh/inject/index.js:5697:29
    at callback (chrome-extension://eimadpbcbfnmbkopoojfekhnkhdbieeh/inject/index.js:4701:25)
    at chrome-extension://eimadpbcbfnmbkopoojfekhnkhdbieeh/inject/index.js:4879:44
    at Set.forEach (<anonymous>)
    at VariablesStore.setVarFilterType (chrome-extension://eimadpbcbfnmbkopoojfekhnkhdbieeh/inject/index.js:4879:22)
    at pushFilter (chrome-extension://eimadpbcbfnmbkopoojfekhnkhdbieeh/inject/index.js:4674:46)
    at getBgImageValue (chrome-extension://eimadpbcbfnmbkopoojfekhnkhdbieeh/inject/index.js:4303:37)
    at chrome-extension://eimadpbcbfnmbkopoojfekhnkhdbieeh/inject/index.js:4198:46
    at async Promise.all (index 0)
[   16808ms] TypeError: Cannot destructure property 'rule' of 'varDeclarations.get(...)' as it is undefined.
    at rebuildVarRule (chrome-extension://eimadpbcbfnmbkopoojfekhnkhdbieeh/inject/index.js:5801:24)
    at chrome-extension://eimadpbcbfnmbkopoojfekhnkhdbieeh/inject/index.js:5697:29
    at callback (chrome-extension://eimadpbcbfnmbkopoojfekhnkhdbieeh/inject/index.js:4701:25)
    at chrome-extension://eimadpbcbfnmbkopoojfekhnkhdbieeh/inject/index.js:4879:44
    at Set.forEach (<anonymous>)
    at VariablesStore.setVarFilterType (chrome-extension://eimadpbcbfnmbkopoojfekhnkhdbieeh/inject/index.js:4879:22)
    at pushFilter (chrome-extension://eimadpbcbfnmbkopoojfekhnkhdbieeh/inject/index.js:4674:46)
    at getBgImageValue (chrome-extension://eimadpbcbfnmbkopoojfekhnkhdbieeh/inject/index.js:4303:37)
    at chrome-extension://eimadpbcbfnmbkopoojfekhnkhdbieeh/inject/index.js:4198:46
    at async Promise.all (index 0)
[   16811ms] TypeError: Cannot destructure property 'rule' of 'varDeclarations.get(...)' as it is undefined.
    at rebuildVarRule (chrome-extension://eimadpbcbfnmbkopoojfekhnkhdbieeh/inject/index.js:5801:24)
    at chrome-extension://eimadpbcbfnmbkopoojfekhnkhdbieeh/inject/index.js:5697:29
    at callback (chrome-extension://eimadpbcbfnmbkopoojfekhnkhdbieeh/inject/index.js:4701:25)
    at chrome-extension://eimadpbcbfnmbkopoojfekhnkhdbieeh/inject/index.js:4879:44
    at Set.forEach (<anonymous>)
    at VariablesStore.setVarFilterType (chrome-extension://eimadpbcbfnmbkopoojfekhnkhdbieeh/inject/index.js:4879:22)
    at pushFilter (chrome-extension://eimadpbcbfnmbkopoojfekhnkhdbieeh/inject/index.js:4674:46)
    at getBgImageValue (chrome-extension://eimadpbcbfnmbkopoojfekhnkhdbieeh/inject/index.js:4303:37)
    at chrome-extension://eimadpbcbfnmbkopoojfekhnkhdbieeh/inject/index.js:4198:46
    at async Promise.all (index 0)
[   16811ms] TypeError: Cannot destructure property 'rule' of 'varDeclarations.get(...)' as it is undefined.
    at rebuildVarRule (chrome-extension://eimadpbcbfnmbkopoojfekhnkhdbieeh/inject/index.js:5801:24)
    at chrome-extension://eimadpbcbfnmbkopoojfekhnkhdbieeh/inject/index.js:5697:29
    at callback (chrome-extension://eimadpbcbfnmbkopoojfekhnkhdbieeh/inject/index.js:4701:25)
    at chrome-extension://eimadpbcbfnmbkopoojfekhnkhdbieeh/inject/index.js:4879:44
    at Set.forEach (<anonymous>)
    at VariablesStore.setVarFilterType (chrome-extension://eimadpbcbfnmbkopoojfekhnkhdbieeh/inject/index.js:4879:22)
    at pushFilter (chrome-extension://eimadpbcbfnmbkopoojfekhnkhdbieeh/inject/index.js:4674:46)
    at getBgImageValue (chrome-extension://eimadpbcbfnmbkopoojfekhnkhdbieeh/inject/index.js:4303:37)
    at chrome-extension://eimadpbcbfnmbkopoojfekhnkhdbieeh/inject/index.js:4198:46
    at async Promise.all (index 0)
[   16811ms] TypeError: Cannot destructure property 'rule' of 'varDeclarations.get(...)' as it is undefined.
    at rebuildVarRule (chrome-extension://eimadpbcbfnmbkopoojfekhnkhdbieeh/inject/index.js:5801:24)
    at chrome-extension://eimadpbcbfnmbkopoojfekhnkhdbieeh/inject/index.js:5697:29
    at callback (chrome-extension://eimadpbcbfnmbkopoojfekhnkhdbieeh/inject/index.js:4701:25)
    at chrome-extension://eimadpbcbfnmbkopoojfekhnkhdbieeh/inject/index.js:4879:44
    at Set.forEach (<anonymous>)
    at VariablesStore.setVarFilterType (chrome-extension://eimadpbcbfnmbkopoojfekhnkhdbieeh/inject/index.js:4879:22)
    at pushFilter (chrome-extension://eimadpbcbfnmbkopoojfekhnkhdbieeh/inject/index.js:4674:46)
    at getBgImageValue (chrome-extension://eimadpbcbfnmbkopoojfekhnkhdbieeh/inject/index.js:4303:37)
    at chrome-extension://eimadpbcbfnmbkopoojfekhnkhdbieeh/inject/index.js:4198:46
    at async Promise.all (index 0)
[   16811ms] TypeError: Cannot destructure property 'rule' of 'varDeclarations.get(...)' as it is undefined.
    at rebuildVarRule (chrome-extension://eimadpbcbfnmbkopoojfekhnkhdbieeh/inject/index.js:5801:24)
    at chrome-extension://eimadpbcbfnmbkopoojfekhnkhdbieeh/inject/index.js:5697:29
    at callback (chrome-extension://eimadpbcbfnmbkopoojfekhnkhdbieeh/inject/index.js:4701:25)
    at chrome-extension://eimadpbcbfnmbkopoojfekhnkhdbieeh/inject/index.js:4879:44
    at Set.forEach (<anonymous>)
    at VariablesStore.setVarFilterType (chrome-extension://eimadpbcbfnmbkopoojfekhnkhdbieeh/inject/index.js:4879:22)
    at pushFilter (chrome-extension://eimadpbcbfnmbkopoojfekhnkhdbieeh/inject/index.js:4674:46)
    at getBgImageValue (chrome-extension://eimadpbcbfnmbkopoojfekhnkhdbieeh/inject/index.js:4303:37)
    at chrome-extension://eimadpbcbfnmbkopoojfekhnkhdbieeh/inject/index.js:4198:46
    at async Promise.all (index 0)
[   16811ms] TypeError: Cannot destructure property 'rule' of 'varDeclarations.get(...)' as it is undefined.
    at rebuildVarRule (chrome-extension://eimadpbcbfnmbkopoojfekhnkhdbieeh/inject/index.js:5801:24)
    at chrome-extension://eimadpbcbfnmbkopoojfekhnkhdbieeh/inject/index.js:5697:29
    at callback (chrome-extension://eimadpbcbfnmbkopoojfekhnkhdbieeh/inject/index.js:4701:25)
    at chrome-extension://eimadpbcbfnmbkopoojfekhnkhdbieeh/inject/index.js:4879:44
    at Set.forEach (<anonymous>)
    at VariablesStore.setVarFilterType (chrome-extension://eimadpbcbfnmbkopoojfekhnkhdbieeh/inject/index.js:4879:22)
    at pushFilter (chrome-extension://eimadpbcbfnmbkopoojfekhnkhdbieeh/inject/index.js:4674:46)
    at getBgImageValue (chrome-extension://eimadpbcbfnmbkopoojfekhnkhdbieeh/inject/index.js:4303:37)
    at chrome-extension://eimadpbcbfnmbkopoojfekhnkhdbieeh/inject/index.js:4198:46
    at async Promise.all (index 0)
[   16811ms] TypeError: Cannot destructure property 'rule' of 'varDeclarations.get(...)' as it is undefined.
    at rebuildVarRule (chrome-extension://eimadpbcbfnmbkopoojfekhnkhdbieeh/inject/index.js:5801:24)
    at chrome-extension://eimadpbcbfnmbkopoojfekhnkhdbieeh/inject/index.js:5697:29
    at callback (chrome-extension://eimadpbcbfnmbkopoojfekhnkhdbieeh/inject/index.js:4701:25)
    at chrome-extension://eimadpbcbfnmbkopoojfekhnkhdbieeh/inject/index.js:4879:44
    at Set.forEach (<anonymous>)
    at VariablesStore.setVarFilterType (chrome-extension://eimadpbcbfnmbkopoojfekhnkhdbieeh/inject/index.js:4879:22)
    at pushFilter (chrome-extension://eimadpbcbfnmbkopoojfekhnkhdbieeh/inject/index.js:4674:46)
    at getBgImageValue (chrome-extension://eimadpbcbfnmbkopoojfekhnkhdbieeh/inject/index.js:4303:37)
    at chrome-extension://eimadpbcbfnmbkopoojfekhnkhdbieeh/inject/index.js:4198:46
    at async Promise.all (index 0)
[   17122ms] TypeError: Cannot destructure property 'rule' of 'varDeclarations.get(...)' as it is undefined.
    at rebuildVarRule (chrome-extension://eimadpbcbfnmbkopoojfekhnkhdbieeh/inject/index.js:5801:24)
    at chrome-extension://eimadpbcbfnmbkopoojfekhnkhdbieeh/inject/index.js:5697:29
    at callback (chrome-extension://eimadpbcbfnmbkopoojfekhnkhdbieeh/inject/index.js:4701:25)
    at chrome-extension://eimadpbcbfnmbkopoojfekhnkhdbieeh/inject/index.js:4879:44
    at Set.forEach (<anonymous>)
    at VariablesStore.setVarFilterType (chrome-extension://eimadpbcbfnmbkopoojfekhnkhdbieeh/inject/index.js:4879:22)
    at pushFilter (chrome-extension://eimadpbcbfnmbkopoojfekhnkhdbieeh/inject/index.js:4674:46)
    at getBgImageValue (chrome-extension://eimadpbcbfnmbkopoojfekhnkhdbieeh/inject/index.js:4303:37)
    at chrome-extension://eimadpbcbfnmbkopoojfekhnkhdbieeh/inject/index.js:4198:46
    at async Promise.all (index 0)
[   17123ms] TypeError: Cannot destructure property 'rule' of 'varDeclarations.get(...)' as it is undefined.
    at rebuildVarRule (chrome-extension://eimadpbcbfnmbkopoojfekhnkhdbieeh/inject/index.js:5801:24)
    at chrome-extension://eimadpbcbfnmbkopoojfekhnkhdbieeh/inject/index.js:5697:29
    at callback (chrome-extension://eimadpbcbfnmbkopoojfekhnkhdbieeh/inject/index.js:4701:25)
    at chrome-extension://eimadpbcbfnmbkopoojfekhnkhdbieeh/inject/index.js:4879:44
    at Set.forEach (<anonymous>)
    at VariablesStore.setVarFilterType (chrome-extension://eimadpbcbfnmbkopoojfekhnkhdbieeh/inject/index.js:4879:22)
    at pushFilter (chrome-extension://eimadpbcbfnmbkopoojfekhnkhdbieeh/inject/index.js:4674:46)
    at getBgImageValue (chrome-extension://eimadpbcbfnmbkopoojfekhnkhdbieeh/inject/index.js:4260:37)
    at chrome-extension://eimadpbcbfnmbkopoojfekhnkhdbieeh/inject/index.js:4198:46
    at async Promise.all (index 0)
[   17123ms] TypeError: Cannot destructure property 'rule' of 'varDeclarations.get(...)' as it is undefined.
    at rebuildVarRule (chrome-extension://eimadpbcbfnmbkopoojfekhnkhdbieeh/inject/index.js:5801:24)
    at chrome-extension://eimadpbcbfnmbkopoojfekhnkhdbieeh/inject/index.js:5697:29
    at callback (chrome-extension://eimadpbcbfnmbkopoojfekhnkhdbieeh/inject/index.js:4701:25)
    at chrome-extension://eimadpbcbfnmbkopoojfekhnkhdbieeh/inject/index.js:4879:44
    at Set.forEach (<anonymous>)
    at VariablesStore.setVarFilterType (chrome-extension://eimadpbcbfnmbkopoojfekhnkhdbieeh/inject/index.js:4879:22)
    at pushFilter (chrome-extension://eimadpbcbfnmbkopoojfekhnkhdbieeh/inject/index.js:4674:46)
    at getBgImageValue (chrome-extension://eimadpbcbfnmbkopoojfekhnkhdbieeh/inject/index.js:4303:37)
    at chrome-extension://eimadpbcbfnmbkopoojfekhnkhdbieeh/inject/index.js:4198:46
    at async Promise.all (index 0)
[   17131ms] [WARNING] VIDEOJS: WARN: Using the tech directly can be dangerous. I hope you know what you're doing.
See https://github.com/videojs/video.js/issues/2617 for more info.
 @ https://static.licdn.com/aero-v1/sc/h/assets/DvXZ1wNh.js:0
[   17148ms] [WARNING] VIDEOJS: WARN: Using the tech directly can be dangerous. I hope you know what you're doing.
See https://github.com/videojs/video.js/issues/2617 for more info.
 @ https://static.licdn.com/aero-v1/sc/h/assets/DvXZ1wNh.js:0
[   18759ms] [ERROR] Unable to retrieve allowlists for profile : voyager-web-global XMLHttpRequest @ https://static.licdn.com/aero-v1/sc/h/58z3jiq635nf8ip4iicnawsev:712
[   18759ms] [ERROR] Failed to load resource: net::ERR_CONNECTION_REFUSED @ https://platform.linkedin.com/litms/allowlist/voyager-web-global:0
[   18837ms] [ERROR] Failed to load resource: net::ERR_BLOCKED_BY_CLIENT @ https://www.linkedin.com/sensorCollect/?action=reportMetrics:0
[   18837ms] [WARNING] Attribute 'exception.tags' of type 'object' could not be converted to a proto attribute. @ https://static.licdn.com/aero-v1/sc/h/assets/CwzDKlQg.js:2
[   19218ms] TypeError: Cannot destructure property 'rule' of 'varDeclarations.get(...)' as it is undefined.
    at rebuildVarRule (chrome-extension://eimadpbcbfnmbkopoojfekhnkhdbieeh/inject/index.js:5801:24)
    at chrome-extension://eimadpbcbfnmbkopoojfekhnkhdbieeh/inject/index.js:5697:29
    at callback (chrome-extension://eimadpbcbfnmbkopoojfekhnkhdbieeh/inject/index.js:4701:25)
    at chrome-extension://eimadpbcbfnmbkopoojfekhnkhdbieeh/inject/index.js:4879:44
    at Set.forEach (<anonymous>)
    at VariablesStore.setVarFilterType (chrome-extension://eimadpbcbfnmbkopoojfekhnkhdbieeh/inject/index.js:4879:22)
    at pushFilter (chrome-extension://eimadpbcbfnmbkopoojfekhnkhdbieeh/inject/index.js:4674:46)
    at getBgImageValue (chrome-extension://eimadpbcbfnmbkopoojfekhnkhdbieeh/inject/index.js:4303:37)
    at chrome-extension://eimadpbcbfnmbkopoojfekhnkhdbieeh/inject/index.js:4198:46
    at async Promise.all (index 0)
[   19218ms] TypeError: Cannot destructure property 'rule' of 'varDeclarations.get(...)' as it is undefined.
    at rebuildVarRule (chrome-extension://eimadpbcbfnmbkopoojfekhnkhdbieeh/inject/index.js:5801:24)
    at chrome-extension://eimadpbcbfnmbkopoojfekhnkhdbieeh/inject/index.js:5697:29
    at callback (chrome-extension://eimadpbcbfnmbkopoojfekhnkhdbieeh/inject/index.js:4701:25)
    at chrome-extension://eimadpbcbfnmbkopoojfekhnkhdbieeh/inject/index.js:4879:44
    at Set.forEach (<anonymous>)
    at VariablesStore.setVarFilterType (chrome-extension://eimadpbcbfnmbkopoojfekhnkhdbieeh/inject/index.js:4879:22)
    at pushFilter (chrome-extension://eimadpbcbfnmbkopoojfekhnkhdbieeh/inject/index.js:4674:46)
    at getBgImageValue (chrome-extension://eimadpbcbfnmbkopoojfekhnkhdbieeh/inject/index.js:4303:37)
    at chrome-extension://eimadpbcbfnmbkopoojfekhnkhdbieeh/inject/index.js:4198:46
    at async Promise.all (index 0)
[   19222ms] TypeError: Cannot destructure property 'rule' of 'varDeclarations.get(...)' as it is undefined.
    at rebuildVarRule (chrome-extension://eimadpbcbfnmbkopoojfekhnkhdbieeh/inject/index.js:5801:24)
    at chrome-extension://eimadpbcbfnmbkopoojfekhnkhdbieeh/inject/index.js:5697:29
    at callback (chrome-extension://eimadpbcbfnmbkopoojfekhnkhdbieeh/inject/index.js:4701:25)
    at chrome-extension://eimadpbcbfnmbkopoojfekhnkhdbieeh/inject/index.js:4879:44
    at Set.forEach (<anonymous>)
    at VariablesStore.setVarFilterType (chrome-extension://eimadpbcbfnmbkopoojfekhnkhdbieeh/inject/index.js:4879:22)
    at pushFilter (chrome-extension://eimadpbcbfnmbkopoojfekhnkhdbieeh/inject/index.js:4674:46)
    at getBgImageValue (chrome-extension://eimadpbcbfnmbkopoojfekhnkhdbieeh/inject/index.js:4303:37)
    at chrome-extension://eimadpbcbfnmbkopoojfekhnkhdbieeh/inject/index.js:4198:46
    at async Promise.all (index 0)
[   19222ms] TypeError: Cannot destructure property 'rule' of 'varDeclarations.get(...)' as it is undefined.
    at rebuildVarRule (chrome-extension://eimadpbcbfnmbkopoojfekhnkhdbieeh/inject/index.js:5801:24)
    at chrome-extension://eimadpbcbfnmbkopoojfekhnkhdbieeh/inject/index.js:5697:29
    at callback (chrome-extension://eimadpbcbfnmbkopoojfekhnkhdbieeh/inject/index.js:4701:25)
    at chrome-extension://eimadpbcbfnmbkopoojfekhnkhdbieeh/inject/index.js:4879:44
    at Set.forEach (<anonymous>)
    at VariablesStore.setVarFilterType (chrome-extension://eimadpbcbfnmbkopoojfekhnkhdbieeh/inject/index.js:4879:22)
    at pushFilter (chrome-extension://eimadpbcbfnmbkopoojfekhnkhdbieeh/inject/index.js:4674:46)
    at getBgImageValue (chrome-extension://eimadpbcbfnmbkopoojfekhnkhdbieeh/inject/index.js:4303:37)
    at chrome-extension://eimadpbcbfnmbkopoojfekhnkhdbieeh/inject/index.js:4198:46
    at async Promise.all (index 0)
[   19222ms] TypeError: Cannot destructure property 'rule' of 'varDeclarations.get(...)' as it is undefined.
    at rebuildVarRule (chrome-extension://eimadpbcbfnmbkopoojfekhnkhdbieeh/inject/index.js:5801:24)
    at chrome-extension://eimadpbcbfnmbkopoojfekhnkhdbieeh/inject/index.js:5697:29
    at callback (chrome-extension://eimadpbcbfnmbkopoojfekhnkhdbieeh/inject/index.js:4701:25)
    at chrome-extension://eimadpbcbfnmbkopoojfekhnkhdbieeh/inject/index.js:4879:44
    at Set.forEach (<anonymous>)
    at VariablesStore.setVarFilterType (chrome-extension://eimadpbcbfnmbkopoojfekhnkhdbieeh/inject/index.js:4879:22)
    at pushFilter (chrome-extension://eimadpbcbfnmbkopoojfekhnkhdbieeh/inject/index.js:4674:46)
    at getBgImageValue (chrome-extension://eimadpbcbfnmbkopoojfekhnkhdbieeh/inject/index.js:4303:37)
    at chrome-extension://eimadpbcbfnmbkopoojfekhnkhdbieeh/inject/index.js:4198:46
    at async Promise.all (index 0)
[   19223ms] TypeError: Cannot destructure property 'rule' of 'varDeclarations.get(...)' as it is undefined.
    at rebuildVarRule (chrome-extension://eimadpbcbfnmbkopoojfekhnkhdbieeh/inject/index.js:5801:24)
    at chrome-extension://eimadpbcbfnmbkopoojfekhnkhdbieeh/inject/index.js:5697:29
    at callback (chrome-extension://eimadpbcbfnmbkopoojfekhnkhdbieeh/inject/index.js:4701:25)
    at chrome-extension://eimadpbcbfnmbkopoojfekhnkhdbieeh/inject/index.js:4879:44
    at Set.forEach (<anonymous>)
    at VariablesStore.setVarFilterType (chrome-extension://eimadpbcbfnmbkopoojfekhnkhdbieeh/inject/index.js:4879:22)
    at pushFilter (chrome-extension://eimadpbcbfnmbkopoojfekhnkhdbieeh/inject/index.js:4674:46)
    at getBgImageValue (chrome-extension://eimadpbcbfnmbkopoojfekhnkhdbieeh/inject/index.js:4303:37)
    at chrome-extension://eimadpbcbfnmbkopoojfekhnkhdbieeh/inject/index.js:4198:46
    at async Promise.all (index 0)
[   19223ms] TypeError: Cannot destructure property 'rule' of 'varDeclarations.get(...)' as it is undefined.
    at rebuildVarRule (chrome-extension://eimadpbcbfnmbkopoojfekhnkhdbieeh/inject/index.js:5801:24)
    at chrome-extension://eimadpbcbfnmbkopoojfekhnkhdbieeh/inject/index.js:5697:29
    at callback (chrome-extension://eimadpbcbfnmbkopoojfekhnkhdbieeh/inject/index.js:4701:25)
    at chrome-extension://eimadpbcbfnmbkopoojfekhnkhdbieeh/inject/index.js:4879:44
    at Set.forEach (<anonymous>)
    at VariablesStore.setVarFilterType (chrome-extension://eimadpbcbfnmbkopoojfekhnkhdbieeh/inject/index.js:4879:22)
    at pushFilter (chrome-extension://eimadpbcbfnmbkopoojfekhnkhdbieeh/inject/index.js:4674:46)
    at getBgImageValue (chrome-extension://eimadpbcbfnmbkopoojfekhnkhdbieeh/inject/index.js:4303:37)
    at chrome-extension://eimadpbcbfnmbkopoojfekhnkhdbieeh/inject/index.js:4198:46
    at async Promise.all (index 0)
[   19223ms] TypeError: Cannot destructure property 'rule' of 'varDeclarations.get(...)' as it is undefined.
    at rebuildVarRule (chrome-extension://eimadpbcbfnmbkopoojfekhnkhdbieeh/inject/index.js:5801:24)
    at chrome-extension://eimadpbcbfnmbkopoojfekhnkhdbieeh/inject/index.js:5697:29
    at callback (chrome-extension://eimadpbcbfnmbkopoojfekhnkhdbieeh/inject/index.js:4701:25)
    at chrome-extension://eimadpbcbfnmbkopoojfekhnkhdbieeh/inject/index.js:4879:44
    at Set.forEach (<anonymous>)
    at VariablesStore.setVarFilterType (chrome-extension://eimadpbcbfnmbkopoojfekhnkhdbieeh/inject/index.js:4879:22)
    at pushFilter (chrome-extension://eimadpbcbfnmbkopoojfekhnkhdbieeh/inject/index.js:4674:46)
    at getBgImageValue (chrome-extension://eimadpbcbfnmbkopoojfekhnkhdbieeh/inject/index.js:4303:37)
    at chrome-extension://eimadpbcbfnmbkopoojfekhnkhdbieeh/inject/index.js:4198:46
    at async Promise.all (index 0)
[   19226ms] TypeError: Cannot destructure property 'rule' of 'varDeclarations.get(...)' as it is undefined.
    at rebuildVarRule (chrome-extension://eimadpbcbfnmbkopoojfekhnkhdbieeh/inject/index.js:5801:24)
    at chrome-extension://eimadpbcbfnmbkopoojfekhnkhdbieeh/inject/index.js:5697:29
    at callback (chrome-extension://eimadpbcbfnmbkopoojfekhnkhdbieeh/inject/index.js:4701:25)
    at chrome-extension://eimadpbcbfnmbkopoojfekhnkhdbieeh/inject/index.js:4879:44
    at Set.forEach (<anonymous>)
    at VariablesStore.setVarFilterType (chrome-extension://eimadpbcbfnmbkopoojfekhnkhdbieeh/inject/index.js:4879:22)
    at pushFilter (chrome-extension://eimadpbcbfnmbkopoojfekhnkhdbieeh/inject/index.js:4674:46)
    at getBgImageValue (chrome-extension://eimadpbcbfnmbkopoojfekhnkhdbieeh/inject/index.js:4260:37)
    at chrome-extension://eimadpbcbfnmbkopoojfekhnkhdbieeh/inject/index.js:4198:46
    at async Promise.all (index 0)
[   19227ms] TypeError: Cannot destructure property 'rule' of 'varDeclarations.get(...)' as it is undefined.
    at rebuildVarRule (chrome-extension://eimadpbcbfnmbkopoojfekhnkhdbieeh/inject/index.js:5801:24)
    at chrome-extension://eimadpbcbfnmbkopoojfekhnkhdbieeh/inject/index.js:5697:29
    at callback (chrome-extension://eimadpbcbfnmbkopoojfekhnkhdbieeh/inject/index.js:4701:25)
    at chrome-extension://eimadpbcbfnmbkopoojfekhnkhdbieeh/inject/index.js:4879:44
    at Set.forEach (<anonymous>)
    at VariablesStore.setVarFilterType (chrome-extension://eimadpbcbfnmbkopoojfekhnkhdbieeh/inject/index.js:4879:22)
    at pushFilter (chrome-extension://eimadpbcbfnmbkopoojfekhnkhdbieeh/inject/index.js:4674:46)
    at getBgImageValue (chrome-extension://eimadpbcbfnmbkopoojfekhnkhdbieeh/inject/index.js:4303:37)
    at chrome-extension://eimadpbcbfnmbkopoojfekhnkhdbieeh/inject/index.js:4198:46
    at async Promise.all (index 0)
[   20304ms] [ERROR] Failed to load resource: net::ERR_CONNECTION_REFUSED @ https://merchantpool1.linkedin.com/mdt.js?session_id=f457c9ca-af3b-4ed9-8b2f-8aebc9ae48a8&instanceId=fb6bbd47-fa7c-4264-b4e9-b25948407586:0
[   22409ms] [WARNING] Attribute 'exception.tags' of type 'object' could not be converted to a proto attribute. @ https://static.licdn.com/aero-v1/sc/h/assets/CwzDKlQg.js:2
[   23775ms] TypeError: Cannot destructure property 'rule' of 'varDeclarations.get(...)' as it is undefined.
    at rebuildVarRule (chrome-extension://eimadpbcbfnmbkopoojfekhnkhdbieeh/inject/index.js:5801:24)
    at chrome-extension://eimadpbcbfnmbkopoojfekhnkhdbieeh/inject/index.js:5697:29
    at callback (chrome-extension://eimadpbcbfnmbkopoojfekhnkhdbieeh/inject/index.js:4701:25)
    at chrome-extension://eimadpbcbfnmbkopoojfekhnkhdbieeh/inject/index.js:4879:44
    at Set.forEach (<anonymous>)
    at VariablesStore.setVarFilterType (chrome-extension://eimadpbcbfnmbkopoojfekhnkhdbieeh/inject/index.js:4879:22)
    at pushFilter (chrome-extension://eimadpbcbfnmbkopoojfekhnkhdbieeh/inject/index.js:4674:46)
    at getBgImageValue (chrome-extension://eimadpbcbfnmbkopoojfekhnkhdbieeh/inject/index.js:4260:37)
    at chrome-extension://eimadpbcbfnmbkopoojfekhnkhdbieeh/inject/index.js:4198:46
    at async Promise.all (index 0)
[   23813ms] TypeError: Cannot destructure property 'rule' of 'varDeclarations.get(...)' as it is undefined.
    at rebuildVarRule (chrome-extension://eimadpbcbfnmbkopoojfekhnkhdbieeh/inject/index.js:5801:24)
    at chrome-extension://eimadpbcbfnmbkopoojfekhnkhdbieeh/inject/index.js:5697:29
    at callback (chrome-extension://eimadpbcbfnmbkopoojfekhnkhdbieeh/inject/index.js:4701:25)
    at chrome-extension://eimadpbcbfnmbkopoojfekhnkhdbieeh/inject/index.js:4879:44
    at Set.forEach (<anonymous>)
    at VariablesStore.setVarFilterType (chrome-extension://eimadpbcbfnmbkopoojfekhnkhdbieeh/inject/index.js:4879:22)
    at pushFilter (chrome-extension://eimadpbcbfnmbkopoojfekhnkhdbieeh/inject/index.js:4674:46)
    at getBgImageValue (chrome-extension://eimadpbcbfnmbkopoojfekhnkhdbieeh/inject/index.js:4260:37)
    at chrome-extension://eimadpbcbfnmbkopoojfekhnkhdbieeh/inject/index.js:4198:46
    at async Promise.all (index 0)
